wind_direction, rel_hum, avg_wnd_spd_10m_pst10mts, precipitation, dwpt_temp, wind_speed, air_temp, temperature, avg_wnd_dir_10m_pst10mts, rnfl_amt_pst1hr, rnfl_amt_pst24hrs, relative_humidity, time, snw_dpth
230,67,2.9,0,6.9,2.7,12.9,10.5,208,0, ,79, 2024-09-01 00:00:00, 
245,71,2.3,0,6.7,2.6,11.8,9.3,261,0, ,85, 2024-09-01 01:00:00, 
226,79,2.7,0,7,2.2,10.5,8.4,230,0, ,89, 2024-09-01 02:00:00, 
266,85,2.6,0,6.9,1.8,9.3,7.5,245,0, ,93, 2024-09-01 03:00:00, 
267,89,2.2,0,6.7,2.2,8.4,6.9,226,0, ,96, 2024-09-01 04:00:00, 
279,93,1.8,0,6.4,2.1,7.5,7.1,266,0, ,95, 2024-09-01 05:00:00, 
305,96,2.2,0,6.3,5.2,6.9,13.1,267,0, ,68, 2024-09-01 06:00:00, 
294,95,2.1,0,6.4,6.3,7.1,16.2,279,0, ,58, 2024-09-01 07:00:00, 
288,68,5.2,0,7.3,7.2,13.1,20,305,0, ,48, 2024-09-01 08:00:00, 
333,58,6.3,0,7.9,5.6,16.2,23.4,294,0, ,40, 2024-09-01 09:00:00, 
358,48,7.2,0,8.7,3.7,20,26.7,288,0, ,33, 2024-09-01 10:00:00, 
12,40,5.6,0,9,4.2,23.4,30.9,333,0, ,27, 2024-09-01 11:00:00, 
89,33,3.7,0,9.1,5.9,26.7,34.1,358,0, ,19, 2024-09-01 12:00:00, 
118,27,4.2,0,9.7,4.9,30.9,36.3,12,0, ,15, 2024-09-01 13:00:00, 
50,19,5.9,0,7.2,6.2,34.1,37.3,89,0, ,13, 2024-09-01 14:00:00, 
75,15,4.9,0,5.5,5.1,36.3,36.8,118,0, ,12, 2024-09-01 15:00:00, 
263,13,6.2,0,4.3,6.5,37.3,36.4,50,0, ,15, 2024-09-01 16:00:00, 
296,12,5.1,0,2.8,4.1,36.8,29.7,75,0, ,26, 2024-09-01 17:00:00, 
62,15,6.5,0,5.6,2.3,36.4,23.1,263,0, ,37, 2024-09-01 18:00:00, 
332,26,4.1,0,8.2,2.8,29.7,19.9,296,0, ,47, 2024-09-01 19:00:00, 
270,37,2.3,0,7.6,2.8,23.1,17.1,62,0, ,54, 2024-09-01 20:00:00, 
276,47,2.8,0,8.3,2.5,19.9,15.3,332,0, ,61, 2024-09-01 21:00:00, 
225, , ,0, ,3.1, ,13.8, , , ,64, 2024-09-01 22:00:00, 
,61,2.5, ,7.8, ,15.3, ,276,0, , , 2024-09-01 23:00:00, 
298,64,3.1,0,7.1,1.8,13.8,11.5,225,0, ,73, 2024-09-02 00:00:00, 
252,68,2.6,0,7,2.1,12.7,10.9,232,0, ,77, 2024-09-02 01:00:00, 
183,73,1.8,0,6.8,1.9,11.5,10,298,0, ,79, 2024-09-02 02:00:00, 
29,77,2.1,0,7,0,10.9,8.8,252,0, ,85, 2024-09-02 03:00:00, 
206,79,1.9,0,6.5,3.3,10,8.2,183,0, ,87, 2024-09-02 04:00:00, 
339,85,0,0,6.4,1.7,8.8,8.5,29,0, ,86, 2024-09-02 05:00:00, 
162,87,3.3,0,6.2,2.4,8.2,14.5,206,0, ,65, 2024-09-02 06:00:00, 
307,86,1.7,0,6.3,3,8.5,16.1,339,0, ,56, 2024-09-02 07:00:00, 
343,65,2.4,0,8,3.2,14.5,18.8,162,0, ,49, 2024-09-02 08:00:00, 
295,56,3,0,7.3,6.5,16.1,23.6,307,0, ,38, 2024-09-02 09:00:00, 
303, , ,0, ,6.3, ,25.1, , , ,34, 2024-09-02 10:00:00, 
297,38,6.5,0,8.5,5.8,23.6,28.2,295,0, ,28, 2024-09-02 11:00:00, 
80,34,6.3,0,8.1,5.9,25.1,30,303,0, ,26, 2024-09-02 12:00:00, 
354,28,5.8,0,8,4.5,28.2,29.6,297,0, ,29, 2024-09-02 13:00:00, 
105,26,5.9,0,8.4,3.8,30,29.2,80,0, ,32, 2024-09-02 14:00:00, 
56,29,4.5,0,9.7,4.3,29.6,28.5,354,0, ,36, 2024-09-02 15:00:00, 
264,32,3.8,0,10.8,7.8,29.2,27.3,105,0, ,28, 2024-09-02 16:00:00, 
246,36,4.3,0,12,8,28.5,27.2,56,0, ,28, 2024-09-02 17:00:00, 
272,28,7.8,0,7.2,12.2,27.3,26,264,0, ,29, 2024-09-02 18:00:00, 
283,28,8,0,7.1,9.1,27.2,23.8,246,0, ,36, 2024-09-02 19:00:00, 
229,29,12.2,0,6.6,9.4,26,20.8,272,0, ,42, 2024-09-02 20:00:00, 
237,36,9.1,0,7.8,3,23.8,16.8,283,0, ,58, 2024-09-02 21:00:00, 
255,42,9.4,0,7.4,6.4,20.8,16.9,229,0, ,56, 2024-09-02 22:00:00, 
,58,3, ,8.5, ,16.8, ,237,0, , , 2024-09-02 23:00:00, 
323,56,6.4,0,8.1,2.1,16.9,12.7,255,0, ,76, 2024-09-03 00:00:00, 
316, , ,0, ,4.6, ,11.5, , , ,79, 2024-09-03 01:00:00, 
289,76,2.1,0,8.6,3.8,12.7,10,323,0, ,88, 2024-09-03 02:00:00, 
162,79,4.6,0,8,3.9,11.5,9.4,316,0, ,92, 2024-09-03 03:00:00, 
255,88,3.8,0,8.1,3.2,10,8.7,289,0, ,94, 2024-09-03 04:00:00, 
293,92,3.9,0,8.2,7.1,9.4,9,162,0, ,92, 2024-09-03 05:00:00, 
95,94,3.2,0,7.8,5.1,8.7,13.7,255,0, ,72, 2024-09-03 06:00:00, 
297,92,7.1,0,7.8,7.6,9,17.2,293,0, ,60, 2024-09-03 07:00:00, 
288,72,5.1,0,8.7,9.7,13.7,19.8,95,0, ,51, 2024-09-03 08:00:00, 
332,60,7.6,0,9.4,5.8,17.2,23.8,297,0, ,40, 2024-09-03 09:00:00, 
269,51,9.7,0,9.4,11.7,19.8,27.8,288,0, ,31, 2024-09-03 10:00:00, 
238,40,5.8,0,9.4,8,23.8,29.8,332,0, ,29, 2024-09-03 11:00:00, 
8,31,11.7,0,9.1,6.4,27.8,31.9,269,0, ,24, 2024-09-03 12:00:00, 
336,29,8,0,9.9,5.4,29.8,30.8,238,0, ,27, 2024-09-03 13:00:00, 
19,24,6.4,0,8.8,6.2,31.9,32.5,8,0, ,23, 2024-09-03 14:00:00, 
232,27,5.4,0,9.7,7.5,30.8,32.9,336,0, ,21, 2024-09-03 15:00:00, 
286,23,6.2,0,8.7,8.6,32.5,31.2,19,0, ,21, 2024-09-03 16:00:00, 
301,21,7.5,0,7.7,6.7,32.9,28.4,232,0, ,22, 2024-09-03 17:00:00, 
299,21,8.6,0,6.3,8.5,31.2,25.8,286,0, ,25, 2024-09-03 18:00:00, 
253,22,6.7,0,4.6,6.9,28.4,20.1,301,0, ,40, 2024-09-03 19:00:00, 
163,25,8.5,0,4.3,2.3,25.8,17.7,299,0, ,50, 2024-09-03 20:00:00, 
279,40,6.9,0,6.1,4.6,20.1,17.9,253,0, ,51, 2024-09-03 21:00:00, 
329, , ,0, ,3.5, ,13.8, , , ,65, 2024-09-03 22:00:00, 
,51,4.6, ,7.6, ,17.9, ,279,0, , , 2024-09-03 23:00:00, 
300,65,3.5,0,7.3,6.3,13.8,11.5,329,0, ,79, 2024-09-04 00:00:00, 
98,74,3.2,0,7.6,2.4,12.1,9.8,244,0, ,85, 2024-09-04 01:00:00, 
257,79,6.3,0,8,2.9,11.5,8.9,300,0, ,89, 2024-09-04 02:00:00, 
262,85,2.4,0,7.4,3.3,9.8,7.9,98,0, ,92, 2024-09-04 03:00:00, 
187,89,2.9,0,7.2,2.5,8.9,7.2,257,0, ,99, 2024-09-04 04:00:00, 
108,92,3.3,0,6.7,2.1,7.9,7.8,262,0, ,98, 2024-09-04 05:00:00, 
88,99,2.5,0,7.1,3.1,7.2,13.8,187,0, ,71, 2024-09-04 06:00:00, 
33,98,2.1,0,7.5,4.6,7.8,17.2,108,0, ,56, 2024-09-04 07:00:00, 
290,71,3.1,0,8.6,7.4,13.8,19.8,88,0, ,47, 2024-09-04 08:00:00, 
293,56,4.6,0,8.4,9.4,17.2,22.3,33,0, ,41, 2024-09-04 09:00:00, 
231,47,7.4,0,8.2,5.4,19.8,27.2,290,0, ,29, 2024-09-04 10:00:00, 
268,41,9.4,0,8.4,8.8,22.3,31.5,293,0, ,19, 2024-09-04 11:00:00, 
233,29,5.4,0,7.6,7.9,27.2,33,231,0, ,17, 2024-09-04 12:00:00, 
249,19,8.8,0,5.1,8.8,31.5,33.4,268,0, ,16, 2024-09-04 13:00:00, 
235,17,7.9,0,4.7,10.7,33,33.7,233,0, ,17, 2024-09-04 14:00:00, 
216, , ,0, ,10.6, ,33.6, , , ,18, 2024-09-04 15:00:00, 
262,17,10.7,0,5.3,7.4,33.7,32.6,235,0, ,20, 2024-09-04 16:00:00, 
262,18,10.6,0,6,4.1,33.6,29.5,216,0, ,26, 2024-09-04 17:00:00, 
260,20,7.4,0,6.7,5.6,32.6,22.5,262,0, ,37, 2024-09-04 18:00:00, 
273,26,4.1,0,8,4.8,29.5,20.5,262,0, ,43, 2024-09-04 19:00:00, 
188,37,5.6,0,7.1,2.3,22.5,16.6,260,0, ,54, 2024-09-04 20:00:00, 
210,43,4.8,0,7.5,2.7,20.5,16,273,0, ,55, 2024-09-04 21:00:00, 
168,54,2.3,0,7.3,1.9,16.6,13.3,188,0, ,61, 2024-09-04 22:00:00, 
,55,2.7, ,7, ,16, ,210,0, , , 2024-09-04 23:00:00, 
304,61,1.9,0,5.9,2.3,13.3,10.4,168,0, ,73, 2024-09-05 00:00:00, 
285,65,2.3,0,5.6,1.9,12,9.2,269,0, ,81, 2024-09-05 01:00:00, 
271,73,2.3,0,5.8,2.1,10.4,8.3,304,0, ,84, 2024-09-05 02:00:00, 
310,81,1.9,0,6.1,2.7,9.2,7.6,285,0, ,86, 2024-09-05 03:00:00, 
261,84,2.1,0,5.8,2.5,8.3,6.7,271,0, ,94, 2024-09-05 04:00:00, 
327,86,2.7,0,5.4,3.8,7.6,7.5,310,0, ,86, 2024-09-05 05:00:00, 
103,94,2.5,0,5.8,2.2,6.7,13.2,261,0, ,67, 2024-09-05 06:00:00, 
302,86,3.8,0,5.3,7.4,7.5,16.4,327,0, ,53, 2024-09-05 07:00:00, 
291,67,2.2,0,7.2,6.5,13.2,19.2,103,0, ,46, 2024-09-05 08:00:00, 
289,53,7.4,0,6.8,6.5,16.4,22.3,302,0, ,37, 2024-09-05 09:00:00, 
332,46,6.5,0,7.3,4.9,19.2,26.1,291,0, ,30, 2024-09-05 10:00:00, 
291,37,6.5,0,6.9,5,22.3,30,289,0, ,24, 2024-09-05 11:00:00, 
46,30,4.9,0,7.2,5.9,26.1,33.5,332,0, ,18, 2024-09-05 12:00:00, 
33,24,5,0,7.2,5.3,30,35,291,0, ,17, 2024-09-05 13:00:00, 
91,18,5.9,0,5.9,5.3,33.5,35.7,46,0, ,17, 2024-09-05 14:00:00, 
254,17,5.3,0,6.3,6.8,35,35.7,33,0, ,17, 2024-09-05 15:00:00, 
250, , ,0, ,6.8, ,34.7, , , ,18, 2024-09-05 16:00:00, 
278,17,6.8,0,6.9,4.4,35.7,30.7,254,0, ,24, 2024-09-05 17:00:00, 
279,18,6.8,0,6.9,2.7,34.7,22.9,250,0, ,37, 2024-09-05 18:00:00, 
189,24,4.4,0,7.8,3.6,30.7,18.7,278,0, ,42, 2024-09-05 19:00:00, 
156,37,2.7,0,7.4,3.6,22.9,16.5,279,0, ,46, 2024-09-05 20:00:00, 
300,42,3.6,0,5.5,3.7,18.7,14.6,189,0, ,51, 2024-09-05 21:00:00, 
232,46,3.6,0,4.9,3.2,16.5,12.5,156,0, ,61, 2024-09-05 22:00:00, 
,51,3.7, ,4.6, ,14.6, ,300,0, , , 2024-09-05 23:00:00, 
226,61,3.2,0,5.2,2.1,12.5,9.5,232,0, ,73, 2024-09-06 00:00:00, 
61,67,4,0,5,0,10.9,8.6,227,0, ,76, 2024-09-06 01:00:00, 
283,73,2.1,0,4.9,1.7,9.5,7.7,226,0, ,81, 2024-09-06 02:00:00, 
266,76,0,0,4.6,2.1,8.6,7,61,0, ,83, 2024-09-06 03:00:00, 
222, , ,0, ,1.8, ,6, , , ,90, 2024-09-06 04:00:00, 
189,83,2.1,0,4.3,1.7,7,6.3,266,0, ,88, 2024-09-06 05:00:00, 
335,90,1.8,0,4.5,4.7,6,12.6,222,0, ,62, 2024-09-06 06:00:00, 
299,88,1.7,0,4.5,6.7,6.3,15.6,189,0, ,55, 2024-09-06 07:00:00, 
299,62,4.7,0,5.5,6.1,12.6,19.2,335,0, ,45, 2024-09-06 08:00:00, 
276,55,6.7,0,6.6,6.2,15.6,22.8,299,0, ,37, 2024-09-06 09:00:00, 
315,45,6.1,0,7,5.2,19.2,26.9,299,0, ,28, 2024-09-06 10:00:00, 
93,37,6.2,0,7.4,5,22.8,30.4,276,0, ,24, 2024-09-06 11:00:00, 
64,28,5.2,0,6.9,5.9,26.9,34.8,315,0, ,17, 2024-09-06 12:00:00, 
57,24,5,0,7.6,6.3,30.4,36,93,0, ,15, 2024-09-06 13:00:00, 
292,17,5.9,0,6.2,5.1,34.8,36.3,64,0, ,15, 2024-09-06 14:00:00, 
324,15,6.3,0,5.3,4.9,36,35.8,57,0, ,15, 2024-09-06 15:00:00, 
261,15,5.1,0,5.5,8.5,36.3,33.8,292,0, ,17, 2024-09-06 16:00:00, 
272,15,4.9,0,5.2,5.2,35.8,28,324,0, ,26, 2024-09-06 17:00:00, 
213,17,8.5,0,5.4,2.9,33.8,22.3,261,0, ,38, 2024-09-06 18:00:00, 
204,26,5.2,0,6.7,3.4,28,18.8,272,0, ,44, 2024-09-06 19:00:00, 
239,38,2.9,0,7.3,3.9,22.3,17.3,213,0, ,48, 2024-09-06 20:00:00, 
289,44,3.4,0,6.3,3.8,18.8,14.9,204,0, ,55, 2024-09-06 21:00:00, 
302,48,3.9,0,6.2,3.5,17.3,13.1,239,0, ,66, 2024-09-06 22:00:00, 
,55,3.8, ,5.9, ,14.9, ,289,0, , , 2024-09-06 23:00:00, 
238,66,3.5,0,6.9,3.3,13.1,10.5,302,0, ,70, 2024-09-07 00:00:00, 
289,67,2.6,0,5.8,1.9,11.7,9.2,232,0, ,77, 2024-09-07 01:00:00, 
221,70,3.3,0,5.3,2,10.5,8.4,238,0, ,79, 2024-09-07 02:00:00, 
286,77,1.9,0,5.4,2.6,9.2,8.1,289,0, ,80, 2024-09-07 03:00:00, 
162, , ,0, ,1.6, ,7.1, , , ,87, 2024-09-07 04:00:00, 
184,80,2.6,0,4.9,1.7,8.1,6.9,286,0, ,88, 2024-09-07 05:00:00, 
66,87,1.6,0,5.1,1.9,7.1,11.5,162,0, ,72, 2024-09-07 06:00:00, 
301,88,1.7,0,5.1,6.6,6.9,15.4,184,0, ,56, 2024-09-07 07:00:00, 
315,72,1.9,0,6.6,6.6,11.5,18.8,66,0, ,45, 2024-09-07 08:00:00, 
302,56,6.6,0,6.7,6.2,15.4,22.4,301,0, ,38, 2024-09-07 09:00:00, 
280,45,6.6,0,6.6,6.6,18.8,25.6,315,0, ,30, 2024-09-07 10:00:00, 
297,38,6.2,0,7.4,4.9,22.4,29.8,302,0, ,24, 2024-09-07 11:00:00, 
64,30,6.6,0,6.8,5.8,25.6,33,280,0, ,21, 2024-09-07 12:00:00, 
89,24,4.9,0,7.1,5.7,29.8,35.3,297,0, ,17, 2024-09-07 13:00:00, 
78,21,5.8,0,7.8,5.5,33,36.1,64,0, ,14, 2024-09-07 14:00:00, 
50,17,5.7,0,6.6,4.4,35.3,35.8,89,0, ,14, 2024-09-07 15:00:00, 
140,14,5.5,0,4.4,2.6,36.1,34,78,0, ,20, 2024-09-07 16:00:00, 
209,14,4.4,0,4.2,3.3,35.8,27.5,50,0, ,32, 2024-09-07 17:00:00, 
244,20,2.6,0,7.9,3.1,34,22,140,0, ,37, 2024-09-07 18:00:00, 
322, , ,0, ,3.1, ,18.5, , , ,45, 2024-09-07 19:00:00, 
255,37,3.1,0,6.7,3.8,22,17.3,244,0, ,46, 2024-09-07 20:00:00, 
312,45,3.1,0,6.4,2.4,18.5,14.7,322,0, ,59, 2024-09-07 21:00:00, 
188,46,3.8,0,5.6,3.5,17.3,13.8,255,0, ,57, 2024-09-07 22:00:00, 
,59,2.4, ,6.8, ,14.7, ,312,0, , , 2024-09-07 23:00:00, 
203,57,3.5,0,5.4,1.9,13.8,11.4,188,0, ,66, 2024-09-08 00:00:00, 
276,61,3.7,0,5.6,2.6,12.9,11.4,305,0, ,68, 2024-09-08 01:00:00, 
278,66,1.9,0,5.3,1.8,11.4,10,203,0, ,75, 2024-09-08 02:00:00, 
216,68,2.6,0,5.7,1.8,11.4,9,276,0, ,79, 2024-09-08 03:00:00, 
218,75,1.8,0,5.8,2.3,10,8.7,278,0, ,79, 2024-09-08 04:00:00, 
80,79,1.8,0,5.6,1.6,9,9.2,216,0, ,78, 2024-09-08 05:00:00, 
196,79,2.3,0,5.3,2.8,8.7,12.7,218,0, ,68, 2024-09-08 06:00:00, 
137,78,1.6,0,5.6,4,9.2,14.9,80,0, ,60, 2024-09-08 07:00:00, 
348,68,2.8,0,7,3.7,12.7,18.3,196,0, ,46, 2024-09-08 08:00:00, 
299,60,4,0,7.2,7.8,14.9,21.1,137,0, ,40, 2024-09-08 09:00:00, 
308,46,3.7,0,6.5,4.6,18.3,23.5,348,0, ,35, 2024-09-08 10:00:00, 
87,40,7.8,0,7,4,21.1,25.7,299,0, ,33, 2024-09-08 11:00:00, 
355,35,4.6,0,7.2,4.1,23.5,27.8,308,0, ,27, 2024-09-08 12:00:00, 
275,33,4,0,8.2,4.4,25.7,29.3,87,0, ,24, 2024-09-08 13:00:00, 
322,27,4.1,0,7.1,3.1,27.8,29.3,355,0, ,28, 2024-09-08 14:00:00, 
289,24,4.4,0,6.7,3.7,29.3,30.2,275,0, ,26, 2024-09-08 15:00:00, 
342,28,3.1,0,8.9,2.2,29.3,29.3,322,0, ,32, 2024-09-08 16:00:00, 
282,26,3.7,0,8.6,0,30.2,23,289,0, ,46, 2024-09-08 17:00:00, 
321,32,2.2,0,10.9,2.5,29.3,20,342,0, ,53, 2024-09-08 18:00:00, 
320,46,0,0,10.8,1.9,23,18.2,282,0, ,56, 2024-09-08 19:00:00, 
116,53,2.5,0,10.1,0,20,15.4,321,0, ,62, 2024-09-08 20:00:00, 
290,56,1.9,0,9.3,3.7,18.2,14,320,0, ,67, 2024-09-08 21:00:00, 
173,62,0,0,8.2,0,15.4,12.1,116,0, ,73, 2024-09-08 22:00:00, 
,67,3.7, ,8, ,14, ,290,0, , , 2024-09-08 23:00:00, 
317,73,0,0,7.4,0,12.1,10.3,173,0, ,77, 2024-09-09 00:00:00, 
334,77,3.8,0,7,0,10.9,9.5,232,0, ,82, 2024-09-09 01:00:00, 
105, , ,0, ,1.6, ,8.8, , , ,88, 2024-09-09 02:00:00, 
32,82,0,0,6.6,0,9.5,8,334,0, ,91, 2024-09-09 03:00:00, 
117, , ,0, ,0, ,7.7, , , ,94, 2024-09-09 04:00:00, 
160, , ,0, ,2.6, ,7.9, , , ,92, 2024-09-09 05:00:00, 
352,94,0,0,6.8,0,7.7,13,117,0, ,70, 2024-09-09 06:00:00, 
279,92,2.6,0,6.7,3.8,7.9,16.4,160,0, ,58, 2024-09-09 07:00:00, 
284,70,0,0,7.7,5.5,13,19,352,0, ,49, 2024-09-09 08:00:00, 
85,58,3.8,0,8.1,5.4,16.4,23.8,279,0, ,40, 2024-09-09 09:00:00, 
46,49,5.5,0,8.1,4.8,19,27.9,284,0, ,32, 2024-09-09 10:00:00, 
252,40,5.4,0,9.4,5.8,23.8,30.2,85,0, ,27, 2024-09-09 11:00:00, 
285,32,4.8,0,9.7,11.9,27.9,31.3,46,0, ,20, 2024-09-09 12:00:00, 
338, , ,0, ,8, ,31.9, , , ,21, 2024-09-09 13:00:00, 
314,20,11.9,0,5.7,9.3,31.3,30.9,285,0, ,23, 2024-09-09 14:00:00, 
332,21,8,0,6.9,9.2,31.9,28.9,338,0, ,29, 2024-09-09 15:00:00, 
334,23,9.3,0,7.4,7.3,30.9,27.2,314,0, ,32, 2024-09-09 16:00:00, 
317,29,9.2,0,9.1,7.3,28.9,24.8,332,0, ,36, 2024-09-09 17:00:00, 
279,32,7.3,0,9.1,9.9,27.2,22.8,334,0, ,38, 2024-09-09 18:00:00, 
281,36,7.3,0,8.7,9.5,24.8,21.2,317,0, ,42, 2024-09-09 19:00:00, 
254,38,9.9,0,7.8,8.3,22.8,20.1,279,0, ,43, 2024-09-09 20:00:00, 
232,42,9.5,0,7.8,7.2,21.2,18.6,281,0, ,46, 2024-09-09 21:00:00, 
247,43,8.3,0,7.1,7.4,20.1,17.7,254,0, ,48, 2024-09-09 22:00:00, 
,46,7.2, ,6.8, ,18.6, ,232,0, , , 2024-09-09 23:00:00, 
304,48,7.4,0,6.6,6.8,17.7,13.2,247,0, ,67, 2024-09-10 00:00:00, 
315,54,7.1,0,7,6.4,16.3,12.9,236,0, ,68, 2024-09-10 01:00:00, 
308,67,6.8,0,7.2,5.9,13.2,10.9,304,0, ,74, 2024-09-10 02:00:00, 
261,68,6.4,0,7.1,2.3,12.9,10.3,315,0, ,79, 2024-09-10 03:00:00, 
302, , ,0, ,5.5, ,9.8, , , ,77, 2024-09-10 04:00:00, 
296,79,2.3,0,6.8,2.7,10.3,7.7,261,0, ,88, 2024-09-10 05:00:00, 
118,77,5.5,0,6,2,9.8,10.4,302,0, ,77, 2024-09-10 06:00:00, 
117,88,2.7,0,5.8,3.1,7.7,13.5,296,0, ,64, 2024-09-10 07:00:00, 
298,77,2,0,6.5,2.6,10.4,14.7,118,0, ,58, 2024-09-10 08:00:00, 
326,64,3.1,0,6.8,5.4,13.5,17.5,117,0, ,49, 2024-09-10 09:00:00, 
299,58,2.6,0,6.5,6.1,14.7,21,298,0, ,41, 2024-09-10 10:00:00, 
341,49,5.4,0,6.7,4.5,17.5,22.7,326,0, ,37, 2024-09-10 11:00:00, 
68,41,6.1,0,7.3,6.4,21,24.9,299,0, ,27, 2024-09-10 12:00:00, 
77,37,4.5,0,7.3,6.2,22.7,25.7,341,0, ,29, 2024-09-10 13:00:00, 
332,27,6.4,0,4.6,4.4,24.9,27.2,68,0, ,26, 2024-09-10 14:00:00, 
299,29,6.2,0,6.3,4.9,25.7,25.9,77,0, ,25, 2024-09-10 15:00:00, 
294,26,4.4,0,6,7,27.2,25,332,0, ,29, 2024-09-10 16:00:00, 
240,25,4.9,0,4.4,4,25.9,21.9,299,0, ,36, 2024-09-10 17:00:00, 
279,29,7,0,5.7,3,25,17.3,294,0, ,48, 2024-09-10 18:00:00, 
290,36,4,0,6.2,3.4,21.9,13.9,240,0, ,57, 2024-09-10 19:00:00, 
239,48,3,0,6.2,1.9,17.3,11.5,279,0, ,65, 2024-09-10 20:00:00, 
218,57,3.4,0,5.5,2.8,13.9,10.7,290,0, ,68, 2024-09-10 21:00:00, 
196,65,1.9,0,5.2,0,11.5,10.3,239,0, ,72, 2024-09-10 22:00:00, 
,68,2.8, ,5, ,10.7, ,218,0, , , 2024-09-10 23:00:00, 
297, , ,0, ,5.3, ,10.7, , , ,73, 2024-09-11 00:00:00, 
,71,2.3, ,4.8, ,9.8, ,280,0, , , 2024-09-11 01:00:00, 
190,73,5.3,0,6.1,1.7,10.7,10.9,297,0, ,73, 2024-09-11 02:00:00, 
154, , ,0, ,2.1, ,10.9, , , ,73, 2024-09-11 03:00:00, 
307,73,1.7,0,6.3,4.6,10.9,10.4,190,0, ,90, 2024-09-11 04:00:00, 
311,73,2.1,0,6.3,3.7,10.9,10.8,154,0, ,91, 2024-09-11 05:00:00, 
326,90,4.6,0,8.8,3.4,10.4,12.4,307,0, ,84, 2024-09-11 06:00:00, 
85,91,3.7,0,9.4,3.8,10.8,13.5,311,0, ,73, 2024-09-11 07:00:00, 
121,84,3.4,0,9.8,4.2,12.4,14.3,326,0, ,70, 2024-09-11 08:00:00, 
256,73,3.8,0.2,8.8,4.2,13.5,14.7,85,0, ,77, 2024-09-11 09:00:00, 
85,70,4.2,0,8.9,3,14.3,16.6,121,0, ,64, 2024-09-11 10:00:00, 
280,77,4.2,0,10.7,6.2,14.7,19.1,256,0.2, ,57, 2024-09-11 11:00:00, 
242,64,3,0,9.8,9.4,16.6,19.3,85,0, ,51, 2024-09-11 12:00:00, 
250,57,6.2,0,10.4,6.9,19.1,19.2,280,0, ,50, 2024-09-11 13:00:00, 
243,51,9.4,0,8.9,9,19.3,18,242,0, ,62, 2024-09-11 14:00:00, 
254,50,6.9,0,8.5,6.4,19.2,18.3,250,0, ,73, 2024-09-11 15:00:00, 
287,62,9,0,10.6,7.5,18,17.3,243,0, ,72, 2024-09-11 16:00:00, 
267,73,6.4,0,13.4,4.3,18.3,17.1,254,0, ,71, 2024-09-11 17:00:00, 
234,72,7.5,0,12.2,6.5,17.3,15.3,287,0, ,78, 2024-09-11 18:00:00, 
259,71,4.3,0,11.8,5.5,17.1,14.8,267,0, ,82, 2024-09-11 19:00:00, 
264,78,6.5,0,11.5,5.7,15.3,14.3,234,0, ,83, 2024-09-11 20:00:00, 
265,82,5.5,0,11.8,6.2,14.8,14.3,259,0, ,83, 2024-09-11 21:00:00, 
269,83,5.7,0,11.5,6.9,14.3,14.6,264,0, ,79, 2024-09-11 22:00:00, 
,83,6.2, ,11.5, ,14.3, ,265,0, , , 2024-09-11 23:00:00, 
232,79,6.9,0,11,9.7,14.6,14.7,269,0, ,69, 2024-09-12 00:00:00, 
254,71,8.5,0,9.7,6.8,14.9,12.7,241,0, ,79, 2024-09-12 01:00:00, 
239,69,9.7,0,9.1,8.7,14.7,12.3,232,0, ,77, 2024-09-12 02:00:00, 
295,79,6.8,0,9.2,7.5,12.7,9.7,254,0, ,87, 2024-09-12 03:00:00, 
142,77,8.7,0,8.4,2.8,12.3,7.3,239,0, ,97, 2024-09-12 04:00:00, 
243,87,7.5,0,7.6,3.2,9.7,6.6,295,0, ,98, 2024-09-12 05:00:00, 
294,97,2.8,0,6.9,9.1,7.3,9.5,142,0, ,83, 2024-09-12 06:00:00, 
289,98,3.2,0,6.3,8.7,6.6,13.6,243,0, ,65, 2024-09-12 07:00:00, 
248,83,9.1,0,6.8,11,9.5,18.2,294,0, ,49, 2024-09-12 08:00:00, 
298,65,8.7,0,7.2,14.2,13.6,19.3,289,0, ,45, 2024-09-12 09:00:00, 
304, , ,0, ,10.4, ,20.4, , , ,40, 2024-09-12 10:00:00, 
323,45,14.2,0,7.1,10.9,19.3,21.9,298,0, ,37, 2024-09-12 11:00:00, 
299,40,10.4,0,6.4,15.7,20.4,22.9,304,0, ,33, 2024-09-12 12:00:00, 
347,37,10.9,0,6.6,10.1,21.9,24,323,0, ,32, 2024-09-12 13:00:00, 
299,33,15.7,0,5.8,13.6,22.9,23.7,299,0, ,32, 2024-09-12 14:00:00, 
289,32,10.1,0,6.3,11.3,24,22,347,0, ,36, 2024-09-12 15:00:00, 
290,32,13.6,0,6,5.8,23.7,21.2,299,0, ,39, 2024-09-12 16:00:00, 
242,36,11.3,0,6.3,7.1,22,19.6,289,0, ,45, 2024-09-12 17:00:00, 
293,39,5.8,0,6.7,3.3,21.2,16.3,290,0, ,57, 2024-09-12 18:00:00, 
131,45,7.1,0,7.4,3.7,19.6,13.5,242,0, ,67, 2024-09-12 19:00:00, 
283,57,3.3,0,7.8,1.9,16.3,10.5,293,0, ,78, 2024-09-12 20:00:00, 
351,67,3.7,0,7.5,1.9,13.5,8.8,131,0, ,84, 2024-09-12 21:00:00, 
304,78,1.9,0,6.8,0,10.5,7.5,283,0, ,92, 2024-09-12 22:00:00, 
,84,1.9, ,6.2, ,8.8, ,351,0, , , 2024-09-12 23:00:00, 
270,92,0,0,6.3,1.9,7.5,5.4,304,0, ,98, 2024-09-13 00:00:00, 
328,95,1.9,0,5.5,1.6,6.2,4.4,240,0, ,99, 2024-09-13 01:00:00, 
176,98,1.9,0,5.1,0,5.4,3.7,270,0, ,100, 2024-09-13 02:00:00, 
263,99,1.6,0,4.3,0,4.4,3.2,328,0, ,100, 2024-09-13 03:00:00, 
213,100,0,0,3.7,3.7,3.7,2.4,176,0, ,100, 2024-09-13 04:00:00, 
319,100,0,0,3.2,0,3.2,2,263,0, ,100, 2024-09-13 05:00:00, 
319,100,3.7,0,2.4,2.6,2.4,6.5,213,0, ,100, 2024-09-13 06:00:00, 
296,100,0,0,2,7.2,2,9.4,319,0, ,80, 2024-09-13 07:00:00, 
294, , ,0, ,8.6, ,11.8, , , ,69, 2024-09-13 08:00:00, 
282,80,7.2,0,6.1,7.9,9.4,14,296,0, ,62, 2024-09-13 09:00:00, 
312,69,8.6,0,6.3,6.9,11.8,16.9,294,0, ,53, 2024-09-13 10:00:00, 
297, , ,0, ,6.2, ,19.4, , , ,46, 2024-09-13 11:00:00, 
171,53,6.9,0,7.3,5.3,16.9,22.7,312,0, ,34, 2024-09-13 12:00:00, 
75,46,6.2,0,7.5,5.7,19.4,25.8,297,0, ,27, 2024-09-13 13:00:00, 
354,34,5.3,0,6,5.5,22.7,26.5,171,0, ,22, 2024-09-13 14:00:00, 
267,27,5.7,0,5.4,10.3,25.8,25.3,75,0, ,20, 2024-09-13 15:00:00, 
279,22,5.5,0,3.1,7.7,26.5,24,354,0, ,23, 2024-09-13 16:00:00, 
260,20,10.3,0,0.7,2.9,25.3,21.6,267,0, ,28, 2024-09-13 17:00:00, 
224,23,7.7,0,1.6,3.3,24,17.5,279,0, ,39, 2024-09-13 18:00:00, 
129,28,2.9,0,2.3,6.6,21.6,17.4,260,0, ,41, 2024-09-13 19:00:00, 
349,39,3.3,0,3.4,4.1,17.5,17.3,224,0, ,43, 2024-09-13 20:00:00, 
207,41,6.6,0,4,3.9,17.4,15.4,129,0, ,68, 2024-09-13 21:00:00, 
244,43,4.1,0,4.6,5.4,17.3,14.7,349,0, ,72, 2024-09-13 22:00:00, 
,68,3.9, ,9.5, ,15.4, ,207,0, , , 2024-09-13 23:00:00, 
197,72,5.4,0.2,9.7,2.5,14.7,13.2,244,0, ,93, 2024-09-14 00:00:00, 
320,77,7.1,0.2,10.6,3.4,14.6,12.5,237,0, ,100, 2024-09-14 01:00:00, 
337,93,2.5,1,12.1,3.1,13.2,12.4,197,0.2, ,100, 2024-09-14 02:00:00, 
206,100,3.4,1,12.5,1.7,12.5,12.3,320,0.2, ,100, 2024-09-14 03:00:00, 
296,100,3.1,0.8,12.4,3.5,12.4,12.2,337,1, ,100, 2024-09-14 04:00:00, 
184,100,1.7,0.2,12.3,1.8,12.3,11.8,206,1, ,100, 2024-09-14 05:00:00, 
92, , ,0, ,1.7, ,12.4, , , ,100, 2024-09-14 06:00:00, 
105,100,1.8,0,11.8,3.6,11.8,15.5,184,0.2, ,86, 2024-09-14 07:00:00, 
104, , ,0, ,6.6, ,17.1, , , ,76, 2024-09-14 08:00:00, 
49,86,3.6,0,13.2,7.7,15.5,18.4,105,0, ,56, 2024-09-14 09:00:00, 
134,76,6.6,0,12.8,7,17.1,20,104,0, ,47, 2024-09-14 10:00:00, 
129,56,7.7,0,9.5,6.8,18.4,21.5,49,0, ,43, 2024-09-14 11:00:00, 
89,47,7,0,8.4,8.6,20,20.6,134,0, ,44, 2024-09-14 12:00:00, 
140,43,6.8,0.6,8.4,6,21.5,17.6,129,0, ,70, 2024-09-14 13:00:00, 
97,44,8.6,0,7.9,10.2,20.6,19.5,89,0, ,51, 2024-09-14 14:00:00, 
108,70,6,0,12.1,6,17.6,20.4,140,0.6, ,49, 2024-09-14 15:00:00, 
43,51,10.2,0,9.1,3.6,19.5,19.4,97,0, ,55, 2024-09-14 16:00:00, 
331,49,6,0,9.3,8.9,20.4,17.9,108,0, ,50, 2024-09-14 17:00:00, 
227,55,3.6,0,10.1,9.7,19.4,14.7,43,0, ,72, 2024-09-14 18:00:00, 
188,50,8.9,1.4,7.3,8.5,17.9,12,331,0, ,100, 2024-09-14 19:00:00, 
13,72,9.7,0.2,9.7,4.2,14.7,11.6,227,0, ,100, 2024-09-14 20:00:00, 
198,100,8.5,0.4,12,5.8,12,11.2,188,1.4, ,100, 2024-09-14 21:00:00, 
254,100,4.2,0,11.6,2.3,11.6,10.5,13,0.2, ,100, 2024-09-14 22:00:00, 
,100,5.8, ,11.2, ,11.2, ,198,0.4, , , 2024-09-14 23:00:00, 
275,100,2.3,0,10.5,5.4,10.5,10,254,0, ,100, 2024-09-15 00:00:00, 
290, , ,0, ,2.3, ,8.3, , , ,100, 2024-09-15 01:00:00, 
308, , ,0, ,2.3, ,7.7, , , ,100, 2024-09-15 02:00:00, 
122,100,2.3,0,8.3,2,8.3,7.4,290,0, ,100, 2024-09-15 03:00:00, 
280,100,2.3,0.2,7.7,3.3,7.7,7.7,308,0, ,100, 2024-09-15 04:00:00, 
244,100,2,0,7.4,5.1,7.4,8.6,122,0, ,100, 2024-09-15 05:00:00, 
212,100,3.3,0,7.7,6.2,7.7,9.3,280,0.2, ,95, 2024-09-15 06:00:00, 
244,100,5.1,0,8.6,7.9,8.6,9.8,244,0, ,89, 2024-09-15 07:00:00, 
216,95,6.2,0,8.5,6.8,9.3,10.8,212,0, ,81, 2024-09-15 08:00:00, 
1,89,7.9,0,8.1,5,9.8,13.8,244,0, ,67, 2024-09-15 09:00:00, 
136, , ,0, ,4.7, ,17, , , ,53, 2024-09-15 10:00:00, 
86,67,5,0,7.8,6.8,13.8,19.2,1,0, ,48, 2024-09-15 11:00:00, 
190,53,4.7,0,7.4,4.6,17,22.1,136,0, ,36, 2024-09-15 12:00:00, 
221,48,6.8,0,7.9,9.1,19.2,23.4,86,0, ,34, 2024-09-15 13:00:00, 
196, , ,0, ,7.9, ,23, , , ,31, 2024-09-15 14:00:00, 
187,34,9.1,0,6.7,7.7,23.4,23.5,221,0, ,30, 2024-09-15 15:00:00, 
91, , ,0, ,7.4, ,23.3, , , ,30, 2024-09-15 16:00:00, 
318,30,7.7,0,4.9,7.9,23.5,20.6,187,0, ,37, 2024-09-15 17:00:00, 
296,30,7.4,0,4.8,13.6,23.3,19,91,0, ,40, 2024-09-15 18:00:00, 
272,37,7.9,0,5.4,13,20.6,17.7,318,0, ,44, 2024-09-15 19:00:00, 
236,40,13.6,0,5.1,10.7,19,15.1,296,0, ,48, 2024-09-15 20:00:00, 
233,44,13,0,5.3,13,17.7,14.9,272,0, ,47, 2024-09-15 21:00:00, 
346,48,10.7,0,4.2,5.6,15.1,12.8,236,0, ,57, 2024-09-15 22:00:00, 
,47,13, ,3.7, ,14.9, ,233,0, , , 2024-09-15 23:00:00, 
332,57,5.6,0,4.5,4.5,12.8,10.4,346,0, ,69, 2024-09-16 00:00:00, 
290,66,4.4,0,4.7,5.1,10.8,7.4,56,0, ,82, 2024-09-16 01:00:00, 
329,69,4.5,0,5,5,10.4,7.7,332,0, ,80, 2024-09-16 02:00:00, 
336,82,5.1,0,4.5,5.1,7.4,6.3,290,0, ,84, 2024-09-16 03:00:00, 
301,80,5,0,4.5,4.4,7.7,4.6,329,0, ,93, 2024-09-16 04:00:00, 
166,84,5.1,0,3.8,1.8,6.3,3.3,336,0, ,100, 2024-09-16 05:00:00, 
324,93,4.4,0,3.6,4.6,4.6,7.6,301,0, ,79, 2024-09-16 06:00:00, 
282,100,1.8,0,3.3,5.4,3.3,11.3,166,0, ,63, 2024-09-16 07:00:00, 
302,79,4.6,0,4.2,7.2,7.6,13.6,324,0, ,53, 2024-09-16 08:00:00, 
298,63,5.4,0,4.5,8.9,11.3,18,282,0, ,42, 2024-09-16 09:00:00, 
244,53,7.2,0,4.2,10.7,13.6,21.7,302,0, ,28, 2024-09-16 10:00:00, 
290,42,8.9,0,4.9,10.9,18,24,298,0, ,25, 2024-09-16 11:00:00, 
289,28,10.7,0,2.4,8.3,21.7,25.9,244,0, ,22, 2024-09-16 12:00:00, 
313,25,10.9,0,2.8,10.3,24,27.3,290,0, ,18, 2024-09-16 13:00:00, 
330,22,8.3,0,2.6,9.5,25.9,27.4,289,0, ,17, 2024-09-16 14:00:00, 
315,18,10.3,0,0.9,11.6,27.3,26.5,313,0, ,18, 2024-09-16 15:00:00, 
298,17,9.5,0,0.2,22.2,27.4,24.2,330,0, ,16, 2024-09-16 16:00:00, 
296,18,11.6,0,0.3,17.3,26.5,21.9,315,0, ,20, 2024-09-16 17:00:00, 
241,16,22.2,0,-3.2,7.9,24.2,19.3,298,0, ,28, 2024-09-16 18:00:00, 
244,20,17.3,0,-2.1,7.5,21.9,15.7,296,0, ,41, 2024-09-16 19:00:00, 
265,28,7.9,0,0.3,6.9,19.3,14.2,241,0, ,47, 2024-09-16 20:00:00, 
265,41,7.5,0,2.5,4,15.7,13,244,0, ,55, 2024-09-16 21:00:00, 
298,47,6.9,0,3.1,4.2,14.2,9.5,265,0, ,69, 2024-09-16 22:00:00, 
124,69,4.2,0,4.1,2.6,9.5,7.6,298,0, ,82, 2024-09-17 00:00:00, 
,69,5.7, ,4.4, ,9.8, ,309,0, , , 2024-09-17 01:00:00, 
163,82,2.6,0,4.7,3.3,7.6,5.1,124,0, ,94, 2024-09-17 02:00:00, 
231, , ,0, ,3.5, ,4.5, , , ,96, 2024-09-17 03:00:00, 
175,94,3.3,0,4.2,1.9,5.1,3.6,163,0, ,100, 2024-09-17 04:00:00, 
274,96,3.5,0,3.9,2.1,4.5,3.3,231,0, ,100, 2024-09-17 05:00:00, 
300,100,1.9,0,3.6,6.4,3.6,7.1,175,0, ,87, 2024-09-17 06:00:00, 
191,100,2.1,0,3.3,3.5,3.3,12.1,274,0, ,67, 2024-09-17 07:00:00, 
308,87,6.4,0,5.1,4.8,7.1,14.5,300,0, ,57, 2024-09-17 08:00:00, 
304,67,3.5,0,6.2,5.2,12.1,17.3,191,0, ,48, 2024-09-17 09:00:00, 
289,57,4.8,0,6.1,4.7,14.5,20.8,308,0, ,40, 2024-09-17 10:00:00, 
88,48,5.2,0,6.2,6.9,17.3,24.3,304,0, ,32, 2024-09-17 11:00:00, 
110,40,4.7,0,6.7,7,20.8,26.1,289,0, ,28, 2024-09-17 12:00:00, 
242,32,6.9,0,6.6,7,24.3,27.8,88,0, ,27, 2024-09-17 13:00:00, 
239,28,7,0,6.2,10.2,26.1,27.9,110,0, ,27, 2024-09-17 14:00:00, 
253,27,7,0,7.1,6.3,27.8,28.2,242,0, ,25, 2024-09-17 15:00:00, 
254,27,10.2,0,7.2,9.2,27.9,23.7,239,0, ,35, 2024-09-17 16:00:00, 
259,25,6.3,0,6.3,6,28.2,21.6,253,0, ,46, 2024-09-17 17:00:00, 
123,35,9.2,0,7.3,3,23.7,17.7,254,0, ,62, 2024-09-17 18:00:00, 
164,46,6,0,9.5,3.1,21.6,13.9,259,0, ,71, 2024-09-17 19:00:00, 
320,62,3,0,10.3,2.9,17.7,12,123,0, ,82, 2024-09-17 20:00:00, 
245,71,3.1,0,8.7,2.2,13.9,10.6,164,0, ,84, 2024-09-17 21:00:00, 
278,82,2.9,0,9,5.3,12,9.9,320,0, ,85, 2024-09-17 22:00:00, 
,84,2.2, ,8, ,10.6, ,245,0, , , 2024-09-17 23:00:00, 
278,85,5.3,0,7.5,4.5,9.9,8.1,278,0, ,91, 2024-09-18 00:00:00, 
309,84,3,0,7,4.8,9.6,9.1,223,0, ,84, 2024-09-18 01:00:00, 
307,91,4.5,0,6.7,6.4,8.1,9.9,278,0, ,79, 2024-09-18 02:00:00, 
282,84,4.8,0,6.5,3.9,9.1,6.6,309,0, ,96, 2024-09-18 03:00:00, 
271, , ,0, ,3.8, ,5.8, , , ,97, 2024-09-18 04:00:00, 
137,96,3.9,0,6,2.3,6.6,5,282,0, ,99, 2024-09-18 05:00:00, 
113,97,3.8,0,5.4,4.1,5.8,8.8,271,0, ,83, 2024-09-18 06:00:00, 
307, , ,0, ,7.1, ,13.2, , , ,65, 2024-09-18 07:00:00, 
275,83,4.1,0,6.1,9.5,8.8,16.5,113,0, ,52, 2024-09-18 08:00:00, 
251,65,7.1,0,6.8,10.4,13.2,20.5,307,0, ,42, 2024-09-18 09:00:00, 
252,52,9.5,0,6.6,10.5,16.5,23.7,275,0, ,36, 2024-09-18 10:00:00, 
281,42,10.4,0,7.2,11,20.5,25.7,251,0, ,32, 2024-09-18 11:00:00, 
304,36,10.5,0,7.8,6.7,23.7,23.9,252,0, ,35, 2024-09-18 12:00:00, 
306,32,11,0,7.8,12.3,25.7,25,281,0, ,34, 2024-09-18 13:00:00, 
337,35,6.7,0,7.5,5.9,23.9,24.1,304,0, ,32, 2024-09-18 14:00:00, 
262, , ,0, ,4.5, ,23.3, , , ,35, 2024-09-18 15:00:00, 
290,32,5.9,0,6.4,10.8,24.1,24.4,337,0, ,31, 2024-09-18 16:00:00, 
252,35,4.5,0,7,5.6,23.3,20.1,262,0, ,42, 2024-09-18 17:00:00, 
296,31,10.8,0,6.2,2.5,24.4,14.4,290,0, ,62, 2024-09-18 18:00:00, 
215,42,5.6,0,6.8,4.3,20.1,12,252,0, ,69, 2024-09-18 19:00:00, 
279,62,2.5,0,7.2,2.5,14.4,10.7,296,0, ,76, 2024-09-18 20:00:00, 
177,69,4.3,0,6.5,3.1,12,9.3,215,0, ,81, 2024-09-18 21:00:00, 
165,76,2.5,0,6.6,3.4,10.7,7.9,279,0, ,90, 2024-09-18 22:00:00, 
,81,3.1, ,6.2, ,9.3, ,177,0, , , 2024-09-18 23:00:00, 
187,90,3.4,0,6.4,2.3,7.9,5.9,165,0, ,96, 2024-09-19 00:00:00, 
,92,2.7, ,5.6, ,6.8, ,230,0, , , 2024-09-19 01:00:00, 
325,96,2.3,0,5.3,3.5,5.9,4.8,187,0, ,97, 2024-09-19 02:00:00, 
198, , ,0, ,2.7, ,3.9, , , ,100, 2024-09-19 03:00:00, 
212,97,3.5,0,4.4,2.5,4.8,3.4,325,0, ,100, 2024-09-19 04:00:00, 
169,100,2.7,0,3.9,2.5,3.9,3,198,0, ,100, 2024-09-19 05:00:00, 
309,100,2.5,0,3.4,4.1,3.4,6.4,212,0, ,100, 2024-09-19 06:00:00, 
298,100,2.5,0,3,7.9,3,10.9,169,0, ,75, 2024-09-19 07:00:00, 
321,100,4.1,0,6.4,5.5,6.4,13.6,309,0, ,64, 2024-09-19 08:00:00, 
283,75,7.9,0,6.6,5,10.9,16.4,298,0, ,54, 2024-09-19 09:00:00, 
309,64,5.5,0,6.9,6.9,13.6,19.5,321,0, ,44, 2024-09-19 10:00:00, 
358,54,5,0,7.1,5.5,16.4,22.8,283,0, ,37, 2024-09-19 11:00:00, 
86,44,6.9,0,6.9,3.4,19.5,24.6,309,0, ,32, 2024-09-19 12:00:00, 
290,37,5.5,0,7.4,16.4,22.8,24.3,358,0, ,29, 2024-09-19 13:00:00, 
285, , ,0, ,11.9, ,23.7, , , ,30, 2024-09-19 14:00:00, 
275,29,16.4,0,5.1,10.1,24.3,25.1,290,0, ,26, 2024-09-19 15:00:00, 
285,30,11.9,0,5.1,8.9,23.7,23.9,285,0, ,28, 2024-09-19 16:00:00, 
258,26,10.1,0,4.3,5.1,25.1,18.6,275,0, ,40, 2024-09-19 17:00:00, 
294,28,8.9,0,4.3,6.6,23.9,15.9,285,0, ,49, 2024-09-19 18:00:00, 
265,40,5.1,0,4.7,5.1,18.6,16.5,258,0, ,46, 2024-09-19 19:00:00, 
241,49,6.6,0,5.2,5.2,15.9,14.4,294,0, ,49, 2024-09-19 20:00:00, 
278,46,5.1,0,4.9,4.9,16.5,11.8,265,0, ,54, 2024-09-19 21:00:00, 
263,49,5.2,0,3.8,5.7,14.4,13.1,241,0, ,46, 2024-09-19 22:00:00, 
309,46,5.7,0,1.7,5,13.1,8.7,263,0, ,65, 2024-09-20 00:00:00, 
,60,5.9, ,2.1, ,9.5, ,301,0, , , 2024-09-20 01:00:00, 
170,65,5,0,2.5,4,8.7,5.7,309,0, ,78, 2024-09-20 02:00:00, 
145, , ,0, ,3.4, ,6.5, , , ,75, 2024-09-20 03:00:00, 
123, , ,0, ,4, ,5.9, , , ,78, 2024-09-20 04:00:00, 
279, , ,0, ,4.8, ,6.1, , , ,79, 2024-09-20 05:00:00, 
230, , ,0, ,5.9, ,12.2, , , ,59, 2024-09-20 06:00:00, 
304, , ,0, ,8, ,14.2, , , ,48, 2024-09-20 07:00:00, 
309, , ,0, ,8.8, ,15.7, , , ,36, 2024-09-20 08:00:00, 
333, , ,0, ,7.4, ,15.7, , , ,34, 2024-09-20 09:00:00, 
305, , ,0, ,7.6, ,16.6, , , ,31, 2024-09-20 10:00:00, 
264, , ,0, ,8.1, ,19.3, , , ,26, 2024-09-20 11:00:00, 
310,31,7.6,0,-0.6,10.1,16.6,20.5,305,0, ,23, 2024-09-20 12:00:00, 
301, , ,0, ,8.2, ,20.8, , , ,22, 2024-09-20 13:00:00, 
308, , ,0, ,9, ,19.2, , , ,23, 2024-09-20 14:00:00, 
308,22,8.2,0,-1.7,10,20.8,19.8,301,0, ,21, 2024-09-20 15:00:00, 
313,23,9,0,-2.4,8,19.2,17.6,308,0, ,22, 2024-09-20 16:00:00, 
283,21,10,0,-3.1,6.9,19.8,15.6,308,0, ,27, 2024-09-20 17:00:00, 
260,22,8,0,-4.4,6.4,17.6,10.3,313,0, ,40, 2024-09-20 18:00:00, 
266,27,6.9,0,-3.3,6.2,15.6,8.5,283,0, ,48, 2024-09-20 19:00:00, 
293,40,6.4,0,-2.7,3.8,10.3,5.5,260,0, ,58, 2024-09-20 20:00:00, 
300,48,6.2,0,-1.9,3.9,8.5,4.4,266,0, ,66, 2024-09-20 21:00:00, 
234,58,3.8,0,-2.1,2,5.5,2.8,293,0, ,72, 2024-09-20 22:00:00, 
,66,3.9, ,-1.4, ,4.4, ,300,0, , , 2024-09-20 23:00:00, 
303,72,2,0,-1.7,1.9,2.8,1.2,234,0, ,81, 2024-09-21 00:00:00, 
261,80,2.2,0,-1.8,2.4,1.3,0,261,0, ,87, 2024-09-21 01:00:00, 
268,81,1.9,0,-1.7,4.1,1.2,-0.8,303,0, ,89, 2024-09-21 02:00:00, 
233,87,2.4,0,-1.9,2.7,0,-1.5,261,0, ,93, 2024-09-21 03:00:00, 
227,89,4.1,0,-2.4,1.7,-0.8,-2,268,0, ,96, 2024-09-21 04:00:00, 
343,93,2.7,0,-2.5,2.5,-1.5,-2.6,233,0, ,98, 2024-09-21 05:00:00, 
325,96,1.7,0,-2.6,5.6,-2,1.4,227,0, ,84, 2024-09-21 06:00:00, 
282,98,2.5,0,-2.9,6.5,-2.6,6,343,0, ,63, 2024-09-21 07:00:00, 
290,84,5.6,0,-1,7.9,1.4,8.3,325,0, ,54, 2024-09-21 08:00:00, 
284,63,6.5,0,-0.5,7,6,11.3,282,0, ,45, 2024-09-21 09:00:00, 
263,54,7.9,0,-0.5,5.2,8.3,15,290,0, ,35, 2024-09-21 10:00:00, 
82,45,7,0,-0.2,4.6,11.3,18.2,284,0, ,28, 2024-09-21 11:00:00, 
77,35,5.2,0,-0.3,8.6,15,21,263,0, ,20, 2024-09-21 12:00:00, 
70,28,4.6,0,-0.6,9.1,18.2,22.7,82,0, ,21, 2024-09-21 13:00:00, 
87,20,8.6,0,-2.8,8.8,21,23.4,77,0, ,21, 2024-09-21 14:00:00, 
116,21,9.1,0,-0.7,7.7,22.7,23.9,70,0, ,20, 2024-09-21 15:00:00, 
136,21,8.8,0,-0.2,3.6,23.4,22.2,87,0, ,24, 2024-09-21 16:00:00, 
248,20,7.7,0,-0.4,3.7,23.9,16.9,116,0, ,35, 2024-09-21 17:00:00, 
260,24,3.6,0,0.7,5.7,22.2,14.4,136,0, ,40, 2024-09-21 18:00:00, 
162, , ,0, ,2.5, ,11.1, , , ,51, 2024-09-21 19:00:00, 
197,40,5.7,0,1,2.7,14.4,9,260,0, ,58, 2024-09-21 20:00:00, 
264,51,2.5,0,1.4,3.3,11.1,7.4,162,0, ,63, 2024-09-21 21:00:00, 
298,58,2.7,0,1.2,2.9,9,5.7,197,0, ,70, 2024-09-21 22:00:00, 
,63,3.3, ,0.8, ,7.4, ,264,0, , , 2024-09-21 23:00:00, 
336,70,2.9,0,0.7,3.2,5.7,5.5,298,0, ,78, 2024-09-22 00:00:00, 
207,76,4.2,0,0.6,2.1,4.5,5.4,257,0, ,78, 2024-09-22 01:00:00, 
241,78,3.2,0,2,3,5.5,6.1,336,0, ,76, 2024-09-22 02:00:00, 
205,78,2.1,0,1.9,3,5.4,5.2,207,0, ,83, 2024-09-22 03:00:00, 
319,76,3,0,2.2,2.1,6.1,4.2,241,0, ,86, 2024-09-22 04:00:00, 
252,83,3,0,2.6,3.4,5.2,3.4,205,0, ,88, 2024-09-22 05:00:00, 
7,86,2.1,0,2.1,2.9,4.2,5.9,319,0, ,80, 2024-09-22 06:00:00, 
89,88,3.4,0,1.6,3.8,3.4,7.9,252,0, ,69, 2024-09-22 07:00:00, 
52,80,2.9,0,2.7,6.4,5.9,11.6,7,0, ,55, 2024-09-22 08:00:00, 
159,69,3.8,0,2.6,3.5,7.9,14.6,89,0, ,44, 2024-09-22 09:00:00, 
74,55,6.4,0,2.9,6.4,11.6,15.8,52,0, ,40, 2024-09-22 10:00:00, 
78,44,3.5,0,2.5,4.1,14.6,18.1,159,0, ,36, 2024-09-22 11:00:00, 
290,40,6.4,0,2.2,3.3,15.8,19.2,74,0, ,33, 2024-09-22 12:00:00, 
23,36,4.1,0,2.8,2.8,18.1,20.6,78,0, ,32, 2024-09-22 13:00:00, 
284,33,3.3,0,2.6,6,19.2,20.7,290,0, ,37, 2024-09-22 14:00:00, 
273,32,2.8,0,3.3,6.9,20.6,20.1,23,0, ,39, 2024-09-22 15:00:00, 
278,37,6,0,5.5,3.8,20.7,19.5,284,0, ,45, 2024-09-22 16:00:00, 
266,39,6.9,0,5.7,5.5,20.1,18.3,273,0, ,45, 2024-09-22 17:00:00, 
222,45,3.8,0,7.3,2.9,19.5,16.5,278,0, ,55, 2024-09-22 18:00:00, 
310,45,5.5,0,6.2,4,18.3,15.3,266,0, ,60, 2024-09-22 19:00:00, 
286,55,2.9,0,7.4,5.6,16.5,14.9,222,0, ,63, 2024-09-22 20:00:00, 
305,60,4,0,7.6,4.3,15.3,13.8,310,0, ,69, 2024-09-22 21:00:00, 
302,63,5.6,0,7.9,5.1,14.9,11.2,286,0, ,78, 2024-09-22 22:00:00, 
,69,4.3, ,8.2, ,13.8, ,305,0, , , 2024-09-22 23:00:00, 
227,78,5.1,0,7.5,3.3,11.2,8,302,0, ,91, 2024-09-23 00:00:00, 
314,83,4.4,0,7,2.8,9.7,6.6,232,0, ,96, 2024-09-23 01:00:00, 
172,91,3.3,0,6.6,2.6,8,5.9,227,0, ,100, 2024-09-23 02:00:00, 
193,96,2.8,0,6,2.9,6.6,7.5,314,0, ,94, 2024-09-23 03:00:00, 
109,100,2.6,0,5.9,3.2,5.9,8.3,172,0, ,91, 2024-09-23 04:00:00, 
146,94,2.9,0,6.6,1.8,7.5,8.9,193,0, ,89, 2024-09-23 05:00:00, 
304,91,3.2,0,6.9,2.5,8.3,10.5,109,0, ,82, 2024-09-23 06:00:00, 
106,89,1.8,0,7.2,3.5,8.9,11.9,146,0, ,77, 2024-09-23 07:00:00, 
285,82,2.5,0,7.6,4.2,10.5,15.5,304,0, ,60, 2024-09-23 08:00:00, 
138,77,3.5,0,8,5.3,11.9,18.9,106,0, ,51, 2024-09-23 09:00:00, 
84,60,4.2,0,7.8,8.3,15.5,23.4,285,0, ,38, 2024-09-23 10:00:00, 
19,51,5.3,0,8.5,5.7,18.9,27.1,138,0, ,32, 2024-09-23 11:00:00, 
257,38,8.3,0,8.3,9.4,23.4,27.9,84,0, ,31, 2024-09-23 12:00:00, 
255,32,5.7,0,9,9.9,27.1,28.9,19,0, ,31, 2024-09-23 13:00:00, 
269,31,9.4,0,9.2,13.8,27.9,29,257,0, ,28, 2024-09-23 14:00:00, 
281,31,9.9,0,10.1,11,28.9,27.1,255,0, ,32, 2024-09-23 15:00:00, 
279,28,13.8,0,8.7,7.8,29,27,269,0, ,33, 2024-09-23 16:00:00, 
274,32,11,0,9,5,27.1,23.4,281,0, ,43, 2024-09-23 17:00:00, 
264,33,7.8,0,9.4,4.6,27,19.7,279,0, ,52, 2024-09-23 18:00:00, 
274, , ,0, ,4.6, ,17.6, , , ,59, 2024-09-23 19:00:00, 
244, , ,0, ,2.9, ,15.1, , , ,70, 2024-09-23 20:00:00, 
52,59,4.6,0,9.5,3.1,17.6,14.3,274,0, ,73, 2024-09-23 21:00:00, 
300,70,2.9,0,9.7,3,15.1,12.1,244,0, ,84, 2024-09-23 22:00:00, 
338, , ,0, ,2.1, ,10, , , ,91, 2024-09-24 00:00:00, 
294,87,2.9,0,8.7,4.4,10.8,9.2,237,0, ,96, 2024-09-24 01:00:00, 
289,91,2.1,0,8.6,2,10,8.3,338,0, ,100, 2024-09-24 02:00:00, 
338,96,4.4,0,8.6,2.2,9.2,7.7,294,0, ,100, 2024-09-24 03:00:00, 
290,100,2,0,8.3,2.3,8.3,7.3,289,0, ,100, 2024-09-24 04:00:00, 
337,100,2.2,0,7.7,1.8,7.7,6.8,338,0, ,100, 2024-09-24 05:00:00, 
149,100,2.3,0,7.3,1.8,7.3,8.9,290,0, ,100, 2024-09-24 06:00:00, 
238,100,1.8,0,6.8,2.7,6.8,14.8,337,0, ,69, 2024-09-24 07:00:00, 
72,100,1.8,0,8.9,3.7,8.9,17.6,149,0, ,59, 2024-09-24 08:00:00, 
122,69,2.7,0,9.2,5.7,14.8,20.4,238,0, ,51, 2024-09-24 09:00:00, 
133,59,3.7,0,9.5,5.5,17.6,23.8,72,0,0,44, 2024-09-24 10:00:00, 
79,51,5.7,0,9.9,8.1,20.4,28.1,122,0,0,33, 2024-09-24 11:00:00, 
118,44,5.5,0,10.8,5.9,23.8,30.6,133,0,0,29, 2024-09-24 12:00:00, 
284,33,8.1,0,10.3,6.9,28.1,32.2,79,0,0,26, 2024-09-24 13:00:00, 
147,29,5.9,0,10.5,7.7,30.6,32.4,118,0,0,25, 2024-09-24 14:00:00, 
240,26,6.9,0,10.3,7.9,32.2,31.3,284,0,0,27, 2024-09-24 15:00:00, 
182,25,7.7,0,9.9,4.6,32.4,28.6,147,0,0,32, 2024-09-24 16:00:00, 
160,27,7.9,0,10.1,3,31.3,22.5,240,0,0,46, 2024-09-24 17:00:00, 
265,32,4.6,0,10.3,4.2,28.6,18.7,182,0,0,56, 2024-09-24 18:00:00, 
319,46,3,0,10.3,4.2,22.5,16.1,160,0,0,68, 2024-09-24 19:00:00, 
216,56,4.2,0,9.8,4.2,18.7,14.8,265,0,0,69, 2024-09-24 20:00:00, 
228,68,4.2,0,10.2,2.7,16.1,12.9,319,0,0,79, 2024-09-24 21:00:00, 
252,69,4.2,0,9.2,2,14.8,11.7,216,0,0,83, 2024-09-24 22:00:00, 
,79,2.7, ,9.3, ,12.9, ,228,0,0, , 2024-09-24 23:00:00, 
143,83,2,0,8.9,2.9,11.7,9.9,252,0,0,95, 2024-09-25 00:00:00, 
258,88,2.6,0,9,1.9,10.9,9,209,0,0,96, 2024-09-25 01:00:00, 
328,95,2.9,0,9.1,2.8,9.9,8.6,143,0,0,96, 2024-09-25 02:00:00, 
193,96,1.9,0,8.4,2.8,9,8.4,258,0,0,98, 2024-09-25 03:00:00, 
317,96,2.8,0,8,3.3,8.6,7.9,328,0,0,100, 2024-09-25 04:00:00, 
329,98,2.8,0,8.1,2.9,8.4,7,193,0,0,100, 2024-09-25 05:00:00, 
310,100,3.3,0,7.9,2.6,7.9,8.8,317,0,0,100, 2024-09-25 06:00:00, 
61,100,2.9,0,7,3.3,7,14.2,329,0,0,74, 2024-09-25 07:00:00, 
115,100,2.6,0,8.8,5.9,8.8,16.1,310,0,0,66, 2024-09-25 08:00:00, 
67,74,3.3,0,9.6,6.4,14.2,20.7,61,0,0,51, 2024-09-25 09:00:00, 
114, , ,0, ,8.5, ,29, , , ,26, 2024-09-25 10:00:00, 
206,51,6.4,0,10.2,14.3,20.7,30.4,67,0,0,18, 2024-09-25 11:00:00, 
204,26,8.5,0,7.6,16,29,30.6,114,0,0,18, 2024-09-25 12:00:00, 
172,18,14.3,0,3.4,9,30.4,28.7,206,0,0,20, 2024-09-25 13:00:00, 
196,18,16,0.4,3.6,4.7,30.6,17.7,204,0,0,87, 2024-09-25 14:00:00, 
304,20,9,1.4,3.5,10.5,28.7,18.1,172,0,0,78, 2024-09-25 15:00:00, 
155,87,4.7,0,15.5,5.4,17.7,17.5,196,0.4,0.4,86, 2024-09-25 16:00:00, 
259,78,10.5,0,14.2,5.7,18.1,16.4,304,1.4,1.8,87, 2024-09-25 17:00:00, 
258,86,5.4,0,15.1,4.8,17.5,17.7,155,0,1.8,56, 2024-09-25 18:00:00, 
282,87,5.7,0,14.2,3.7,16.4,13.4,259,0,1.8,75, 2024-09-25 19:00:00, 
315,56,4.8,0,8.8,4,17.7,13,258,0,1.8,84, 2024-09-25 20:00:00, 
284,75,3.7,0,9.1,3.3,13.4,12.4,282,0,1.8,85, 2024-09-25 21:00:00, 
279, , ,0, ,9.4, ,12.4, , , ,78, 2024-09-25 22:00:00, 
192, , ,0, ,4.6, ,9.7, , , ,93, 2024-09-26 00:00:00, 
335,78,6.8,0,8.9,2.9,12.6,8.1,251,0,1.8,99, 2024-09-26 01:00:00, 
238,93,4.6,0,8.6,2.7,9.7,8.3,192,0,1.8,97, 2024-09-26 02:00:00, 
272,99,2.9,0,8,4,8.1,6.6,335,0,1.8,100, 2024-09-26 03:00:00, 
287,97,2.7,0.2,7.9,2.9,8.3,5.3,238,0,1.4,99, 2024-09-26 04:00:00, 
127,100,4,0,6.6,2.7,6.6,4,272,0,0,100, 2024-09-26 05:00:00, 
332,99,2.9,0,5.2,5.1,5.3,6.2,287,0.2,0.2,100, 2024-09-26 06:00:00, 
304,100,2.7,0,4,3.2,4,10.4,127,0,0.2,72, 2024-09-26 07:00:00, 
277,100,5.1,0,6.2,4.2,6.2,12.4,332,0,0.2,60, 2024-09-26 08:00:00, 
261,72,3.2,0,5.6,4.9,10.4,15,304,0,0.2,51, 2024-09-26 09:00:00, 
100,60,4.2,0,4.9,4.8,12.4,16.8,277,0,0.2,40, 2024-09-26 10:00:00, 
79,51,4.9,0,5,4.7,15,17,261,0,0.2,39, 2024-09-26 11:00:00, 
271,40,4.8,0,3.1,6.4,16.8,17.4,100,0,0.2,36, 2024-09-26 12:00:00, 
8,39,4.7,0,3,5.1,17,18.8,79,0,0.2,30, 2024-09-26 13:00:00, 
130,36,6.4,0,2.2,5.7,17.4,18.8,271,0,0.2,26, 2024-09-26 14:00:00, 
127,30,5.1,0,0.9,8,18.8,18.4,8,0,0.2,24, 2024-09-26 15:00:00, 
150,26,5.7,0,-1.1,6.3,18.8,17.9,130,0,0.2,25, 2024-09-26 16:00:00, 
101,24,8,0,-2.5,8.4,18.4,16.6,127,0,0.2,30, 2024-09-26 17:00:00, 
129,25,6.3,0,-2.4,5.3,17.9,15.7,150,0,0,34, 2024-09-26 18:00:00, 
126,30,8.4,0,-1,5.6,16.6,15.2,101,0,0,33, 2024-09-26 19:00:00, 
359,34,5.3,0,-0.1,2.8,15.7,13,129,0,0,48, 2024-09-26 20:00:00, 
91,33,5.6,0,-1,4.2,15.2,12.8,126,0,0,51, 2024-09-26 21:00:00, 
149,48,2.8,0,2.3,2.9,13,11.2,359,0,0,52, 2024-09-26 22:00:00, 
,51,4.2, ,2.9, ,12.8, ,91,0,0, , 2024-09-26 23:00:00, 
300,52,2.9,0,1.7,3.3,11.2,6.9,149,0,0,72, 2024-09-27 00:00:00, 
246,66,3.7,0,2.4,3.9,8.4,5.1,151,0,0,78, 2024-09-27 01:00:00, 
275,72,3.3,0,2.2,4.2,6.9,4,300,0,0,85, 2024-09-27 02:00:00, 
145,78,3.9,0,1.6,2.8,5.1,3.1,246,0,0,91, 2024-09-27 03:00:00, 
250,85,4.2,0,1.7,3.5,4,2.3,275,0,0,92, 2024-09-27 04:00:00, 
146,91,2.8,0,1.8,2.1,3.1,1.7,145,0,0,96, 2024-09-27 05:00:00, 
195,92,3.5,0,1.1,3.1,2.3,3.9,250,0,0,92, 2024-09-27 06:00:00, 
50,96,2.1,0,1.1,2.5,1.7,9.3,146,0,0,66, 2024-09-27 07:00:00, 
154,92,3.1,0,2.7,3.8,3.9,12.1,195,0,0,54, 2024-09-27 08:00:00, 
262,66,2.5,0,3.3,3.6,9.3,16,50,0,0,42, 2024-09-27 09:00:00, 
336,54,3.8,0,3.1,4.1,12.1,19.6,154,0,0,36, 2024-09-27 10:00:00, 
283,42,3.6,0,3.1,6.5,16,22.5,262,0,0,30, 2024-09-27 11:00:00, 
284,36,4.1,0,4.1,9.9,19.6,24.4,336,0,0,23, 2024-09-27 12:00:00, 
293,30,6.5,0,4.1,10.6,22.5,24.6,283,0,0,21, 2024-09-27 13:00:00, 
282,23,9.9,0,1.9,11.3,24.4,24.6,284,0,0,20, 2024-09-27 14:00:00, 
278,21,10.6,0,0.8,9.1,24.6,24.4,293,0,0,21, 2024-09-27 15:00:00, 
260,20,11.3,0,0.2,5.6,24.6,21.8,282,0,0,28, 2024-09-27 16:00:00, 
301,21,9.1,0,0.7,3.4,24.4,15.8,278,0,0,44, 2024-09-27 17:00:00, 
276,28,5.6,0,2.5,3.9,21.8,12.1,260,0,0,54, 2024-09-27 18:00:00, 
239, , ,0, ,4.2, ,9.8, , , ,64, 2024-09-27 19:00:00, 
308,54,3.9,0,3.1,6.4,12.1,8.6,276,0,0,71, 2024-09-27 20:00:00, 
310,64,4.2,0,3.3,2.4,9.8,6.3,239,0,0,79, 2024-09-27 21:00:00, 
214,71,6.4,0,3.6,3.6,8.6,4.9,308,0,0,83, 2024-09-27 22:00:00, 
,79,2.4, ,2.9, ,6.3, ,310,0,0, , 2024-09-27 23:00:00, 
88,83,3.6,0,2.3,2.1,4.9,2.6,214,0,0,95, 2024-09-28 00:00:00, 
,91,3.7, ,2.3, ,3.6, ,291,0,0, , 2024-09-28 01:00:00, 
220,95,2.1,0,1.9,2,2.6,1.3,88,0,0,99, 2024-09-28 02:00:00, 
211, , ,0, ,2.8, ,0.6, , , ,99, 2024-09-28 03:00:00, 
297,99,2,0,1.2,2,1.3,-0.3,220,0,0,100, 2024-09-28 04:00:00, 
239,99,2.8,0,0.5,1.9,0.6,-1,211,0,0,100, 2024-09-28 05:00:00, 
192,100,2,0,-0.3,1.8,-0.3,-0.3,297,0,0,100, 2024-09-28 06:00:00, 
144,100,1.9,0,-1,2.4,-1,2.8,239,0,0,95, 2024-09-28 07:00:00, 
305,100,1.8,0,-0.3,6,-0.3,8.2,192,0,0,69, 2024-09-28 08:00:00, 
293,95,2.4,0,2.1,7.1,2.8,11.4,144,0,0,54, 2024-09-28 09:00:00, 
289,69,6,0,2.9,5.4,8.2,14.8,305,0,0,44, 2024-09-28 10:00:00, 
301,54,7.1,0,2.4,6,11.4,17.1,293,0,0,38, 2024-09-28 11:00:00, 
194,44,5.4,0,2.7,6,14.8,22,289,0,0,30, 2024-09-28 12:00:00, 
289,38,6,0,2.7,7,17.1,24.3,301,0,0,27, 2024-09-28 13:00:00, 
278,30,6,0,3.6,8.4,22,25,194,0,0,27, 2024-09-28 14:00:00, 
277,27,7,0,4.1,10.1,24.3,24.9,289,0,0,26, 2024-09-28 15:00:00, 
279,27,8.4,0,4.7,8.7,25,21.8,278,0,0,31, 2024-09-28 16:00:00, 
307,26,10.1,0,4.1,5.6,24.9,19.8,277,0,0,38, 2024-09-28 17:00:00, 
181,31,8.7,0,3.9,3.3,21.8,17.1,279,0,0,46, 2024-09-28 18:00:00, 
201,38,5.6,0,5.1,3.5,19.8,15.2,307,0,0,52, 2024-09-28 19:00:00, 
348,46,3.3,0,5.4,4.2,17.1,14.4,181,0,0,59, 2024-09-28 20:00:00, 
310,52,3.5,0,5.4,4.9,15.2,13.9,201,0,0,72, 2024-09-28 21:00:00, 
253,59,4.2,0,6.5,3.4,14.4,13.2,348,0,0,73, 2024-09-28 22:00:00, 
,72,4.9, ,8.9, ,13.9, ,310,0,0, , 2024-09-28 23:00:00, 
161,73,3.4,0,8.5,3.4,13.2,10.7,253,0,0,80, 2024-09-29 00:00:00, 
267,79,3.7,0,8.4,2.9,11.9,9.5,315,0,0,86, 2024-09-29 01:00:00, 
250, , ,0, ,5.2, ,7.7, , , ,94, 2024-09-29 02:00:00, 
291,86,2.9,0,7.3,7.5,9.5,9.9,267,0,0,82, 2024-09-29 03:00:00, 
290,94,5.2,0,6.8,4.1,7.7,9.3,250,0,0,85, 2024-09-29 04:00:00, 
250,82,7.5,0,7,7,9.9,10.9,291,0,0,69, 2024-09-29 05:00:00, 
267,85,4.1,0,6.9,5.8,9.3,9.9,290,0,0,69, 2024-09-29 06:00:00, 
278,69,7,0,5.4,14.1,10.9,15.1,250,0,0,25, 2024-09-29 07:00:00, 
283,69,5.8,0,4.5,7.2,9.9,16.8,267,0,0,22, 2024-09-29 08:00:00, 
291,25,14.1,0,-4.8,13.9,15.1,17.4,278,0,0,19, 2024-09-29 09:00:00, 
287, , ,0, ,11.8, ,17.6, , , ,21, 2024-09-29 10:00:00, 
264, , ,0, ,17.3, ,17, , , ,20, 2024-09-29 11:00:00, 
280,21,11.8,0,-5,13.5,17.6,18.4,287,0,0,18, 2024-09-29 12:00:00, 
308,20,17.3,0,-6.1,15.7,17,18.3,264,0,0,17, 2024-09-29 13:00:00, 
294,18,13.5,0,-6.3,16.7,18.4,17.2,280,0,0,18, 2024-09-29 14:00:00, 
280,17,15.7,0,-7.2,16.2,18.3,15.4,308,0,0,23, 2024-09-29 15:00:00, 
282,18,16.7,0,-7.3,11.2,17.2,13.4,294,0,0,28, 2024-09-29 16:00:00, 
294,23,16.2,0,-5.6,6.2,15.4,11,280,0,0,40, 2024-09-29 17:00:00, 
241,28,11.2,0,-4.7,6.2,13.4,7.9,282,0,0,56, 2024-09-29 18:00:00, 
242,40,6.2,0,-2.1,5.8,11,5.4,294,0,0,68, 2024-09-29 19:00:00, 
237,56,6.2,0,-0.3,3.4,7.9,3.5,241,0,0,78, 2024-09-29 20:00:00, 
203,68,5.8,0,0,2.3,5.4,1.7,242,0,0,86, 2024-09-29 21:00:00, 
255, , ,0, ,3.8, ,0.9, , , ,90, 2024-09-29 22:00:00, 
242,90,3.8,0,-0.6,2.6,0.9,-1.2,255,0,0,95, 2024-09-30 00:00:00, 
