"","FireName","TimeStep","time","temp","rh","isol","prec","ws","wd","timemst","lat","long","tz_loc","utc","mon","day","hr","yr","id","minute","julian","percent_cured","date","timestamp","timezone","solrad","sunrise","sunset","sunlight_hours","mcffmc","ffmc","dmc","dc","isi","bui","fwi","dsr","mcgfmc","gfmc","gsi","gfwi","grass_fuel_load","FFMC_FBP92","fueltype","Accel","cc","ID","CFB","CFC","FD","HFI","RAZ","ROS","SFC","TFC","BE","SF","ISI","FFMC","FMC","D0","RSO","CSI","FROS","BROS","HROSt","FROSt","BROSt","FCFB","BCFB","FFI","BFI","FTFC","BTFC","TI","FTI","BTI","LB","LBt","WSV","DH","DB","DF","TROS","TROSt","TCFB","TFI","TTFC","TTI","mgROS","DT","mgHFI","A","deltaA","MW","MWfrp","MWconv","Bflux","zHfluxm","ReportedFinalArea","TimetoFirstWarning","TimetoFirstAlert"
"1","WR-01",1,2024-04-03 12:00:00,6.3,69,0.2516,0,30.4,329,2024-04-03 11:00:00,53,-111.52,"America/Edmonton",-7,4,3,0.166666666666667,2024,"STN",0,93,92.7,2024-04-03,2024-04-03 12:00:00,-7,0.353044880388794,5.9581659789123,19.0361365924071,13.0779706134948,17.5881765605308,83.8775336448734,10.74497028,26.1674999999997,8.36777811352763,10.7325450747121,9.00666306890701,1.33090493739903,18.5407833020248,81.9307043852963,26.7470265515866,26.7262791630341,0.35,83.8775336448734,"O-1a",1,92.7,"STN",0,0,"S",2156.77856996107,156.917721635881,20.5407482853435,0.35,0.35,1,2.06658139186775,8.36777811352763,83.8775336448734,0,0,0,0,1.70119992980798,0.17082360479515,14.036792107644,1.58086883509762,0.11673457043913,0,0,178.625992629838,17.9364785034908,0.35,0.35,0,0,0,6.08734209519878,4.47650252944898,39.9363698337146,83.3484210478349,0.693152826741679,9.38696821030519,10.5356651432862,9.330000237243,0,1106.24484004506,0.35,0,24.0964203167447,242.96814057225,2.53012413325819,0.761659446228691,0.761659446228691,79.9742418540125,13.5956211151821,41.5866057640865,1101.57237461136,237.836787555831,1,NA,NA
"2","WR-07",1,2024-04-11,0.6,48,0,0,2.3,170,2024-04-10 23:00:00,53,-111.52,"America/Edmonton",-7,4,11,0.166666666666667,2024,"STN",0,101,91.85,2024-04-11,2024-04-11,-7,4.74411250197954e-17,5.64299324847695,19.2709679507927,13.6279747023157,12.1983282583926,88.7233117425015,18.7148058,55.1474999999997,4.00489961956393,20.2497605039458,6.52461012295559,0.75219507426111,16.5928693300721,84.1426137957315,1.10288013514275,3.95129168073284,0.35,88.7233117425015,"O-1a",1,91.85,"STN",0,0,"S",825.753685366822,348.85817734511,7.86432081301735,0.35,0.35,1,1.01594473052932,4.00489961956393,88.7233117425015,0,0,0,0,4.45982418592336,5.87742701153482,5.37418767742309,3.428637916309,4.01641751034125,0,0,468.281539521953,617.129836211156,0.35,0.35,0,0,0,1.54061542021382,1.36943670008082,2.06683151992268,31.9111413699727,23.8489004602069,20.3587510933835,1.07342902499724,1.01558886436495,0,112.710047624711,0.35,0,0.993585707335809,17.3614537821091,0.10432649927026,0.0153662472877531,0.0153662472877531,1.61345596521408,0.274287514086394,0.838997101911321,22.223887063239,153.084049225236,0.28,91,117
"3","WR-07",2,2024-04-11,0.6,48,0,0,2.3,170,2024-04-10 23:00:00,53,-111.52,"America/Edmonton",-7,4,11,0.333333333333333,2024,"STN",0,101,91.85,2024-04-11,2024-04-11,-7,4.74411250197954e-17,5.64299324847695,19.2709679507927,13.6279747023157,12.1983282583926,88.7233117425015,18.7148058,55.1474999999997,4.00489961956393,20.2497605039458,6.52461012295559,0.75219507426111,16.5928693300721,84.1426137957315,1.10288013514275,3.95129168073284,0.35,88.7233117425015,"O-1a",1,91.85,"STN",0,0,"S",825.753685366822,348.85817734511,7.86432081301735,0.35,0.35,1,1.01594473052932,4.00489961956393,88.7233117425015,0,0,0,0,4.45982418592336,5.87742701153482,7.07585310163905,4.15900837475057,5.28816297529316,0,0,468.281539521953,617.129836211156,0.35,0.35,0,0,0,1.54061542021382,1.48641394328446,2.06683151992268,95.75725885479,71.5645143585819,56.2837068265278,1.07342902499724,1.06247132288297,0,112.710047624711,0.35,0,0.993585707335809,34.7229075642183,0.10432649927026,0.0614649891510126,0.0460987418632594,4.84036789564224,0.822862542259181,2.51699130573396,66.6716611897169,220.785404216015,0.28,91,117
"4","WR-07",3,2024-04-11,0.6,48,0,0,2.3,170,2024-04-10 23:00:00,53,-111.52,"America/Edmonton",-7,4,11,0.5,2024,"STN",0,101,91.85,2024-04-11,2024-04-11,-7,4.74411250197954e-17,5.64299324847695,19.2709679507927,13.6279747023157,12.1983282583926,88.7233117425015,18.7148058,55.1474999999997,4.00489961956393,20.2497605039458,6.52461012295559,0.75219507426111,16.5928693300721,84.1426137957315,1.10288013514275,3.95129168073284,0.35,88.7233117425015,"O-1a",1,91.85,"STN",0,0,"S",825.753685366822,348.85817734511,7.86432081301735,0.35,0.35,1,1.01594473052932,4.00489961956393,88.7233117425015,0,0,0,0,4.45982418592336,5.87742701153482,7.61466294412683,4.36689061026093,5.690844350788,0,0,468.281539521953,617.129836211156,0.35,0.35,0,0,0,1.54061542021382,1.52345323966334,2.06683151992268,169.715164006809,126.837207295714,97.3290034711067,1.07342902499724,1.07052762087612,0,112.710047624711,0.35,0,0.993585707335809,52.0843613463274,0.10432649927026,0.138296225589778,0.0768312364387657,8.0672798260704,1.37143757043197,4.19498550955661,111.119435316195,261.770041995026,0.28,91,117
"5","WR-07",4,2024-04-11,0.6,48,0,0,2.3,170,2024-04-10 23:00:00,53,-111.52,"America/Edmonton",-7,4,11,0.666666666666667,2024,"STN",0,101,91.85,2024-04-11,2024-04-11,-7,4.74411250197954e-17,5.64299324847695,19.2709679507927,13.6279747023157,12.1983282583926,88.7233117425015,18.7148058,55.1474999999997,4.00489961956393,20.2497605039458,6.52461012295559,0.75219507426111,16.5928693300721,84.1426137957315,1.10288013514275,3.95129168073284,0.35,88.7233117425015,"O-1a",1,91.85,"STN",0,0,"S",825.753685366822,348.85817734511,7.86432081301735,0.35,0.35,1,1.01594473052932,4.00489961956393,88.7233117425015,0,0,0,0,4.45982418592336,5.87742701153482,7.7852699519618,4.43062279984805,5.8183480806138,0,0,468.281539521953,617.129836211156,0.35,0.35,0,0,0,1.54061542021382,1.53518124280881,2.06683151992268,246.874832938417,184.502749325621,140.497281439805,1.07342902499724,1.07256309526885,0,112.710047624711,0.35,0,0.993585707335809,69.4458151284366,0.10432649927026,0.24585995660405,0.107563731014272,11.2941917564986,1.92001259860475,5.87297971337925,155.567209442673,292.839251348018,0.28,91,117
"6","WR-08",1,2024-04-10 11:00:00,6.6,45,0.5745,0,30.4,317,2024-04-10 10:00:00,53,-111.52,"America/Edmonton",-7,4,10,0.166666666666667,2024,"STN",0,100,92,2024-04-10,2024-04-10 11:00:00,-7,0.410435352505742,5.68194268023145,19.2416079903926,13.5596653101612,15.1494280125562,86.0302699085467,17.6002548,52.5314999999994,11.2405587399457,19.1556473058541,15.0660829690811,3.30848775767913,16.1780245766681,83.5469221018355,38.1507588947274,29.262867303822,0.35,86.0302699085467,"O-1a",1,92,"STN",0,0,"S",3022.53573966124,151.978972364979,28.7860546634404,0.35,0.35,1,3.03920882894777,11.2405587399457,86.0302699085467,0,0,0,0,2.27214532364681,0.188839238361804,19.6713313116398,2.11821505240989,0.129045791994921,0,0,238.575258982915,19.8281200279894,0.35,0.35,0,0,0,6.37610930961434,4.6738354259894,44.1314292503235,116.805491750579,0.76625506192307,12.577651553447,0.56897765725231,0.722855533209268,0,59.7426540114925,0.35,0,34.3700530583129,345.955238537335,3.60885557112286,1.47425955051195,1.47425955051195,154.797252803754,26.3155329766383,80.4945714579523,2132.19123309252,296.403551243507,150,314,343
"7","WR-08",2,2024-04-10 11:00:00,6.6,45,0.5745,0,30.4,317,2024-04-10 10:00:00,53,-111.52,"America/Edmonton",-7,4,10,0.333333333333333,2024,"STN",0,100,92,2024-04-10,2024-04-10 11:00:00,-7,0.410435352505742,5.68194268023145,19.2416079903926,13.5596653101612,15.1494280125562,86.0302699085467,17.6002548,52.5314999999994,11.2405587399457,19.1556473058541,15.0660829690811,3.30848775767913,16.1780245766681,83.5469221018355,38.1507588947274,29.262867303822,0.35,86.0302699085467,"O-1a",1,92,"STN",0,0,"S",3022.53573966124,151.978972364979,28.7860546634404,0.35,0.35,1,3.03920882894777,11.2405587399457,86.0302699085467,0,0,0,0,2.27214532364681,0.188839238361804,25.8999981075424,2.23311868417104,0.169906434674154,0,0,238.575258982915,19.8281200279894,0.35,0.35,0,0,0,6.37610930961434,5.837106806505,44.1314292503235,350.503718420612,2.29933750919995,30.2207127284908,0.56897765725231,0.610693851054927,0,59.7426540114925,0.35,0,34.3700530583129,691.910477074671,3.60885557112286,5.89703820204779,4.42277865153584,464.391758411263,78.9465989299148,241.483714373857,6396.57369927756,427.487894418539,150,314,343
"8","WR-08",3,2024-04-10 11:00:00,6.6,45,0.5745,0,30.4,317,2024-04-10 10:00:00,53,-111.52,"America/Edmonton",-7,4,10,0.5,2024,"STN",0,100,92,2024-04-10,2024-04-10 11:00:00,-7,0.410435352505742,5.68194268023145,19.2416079903926,13.5596653101612,15.1494280125562,86.0302699085467,17.6002548,52.5314999999994,11.2405587399457,19.1556473058541,15.0660829690811,3.30848775767913,16.1780245766681,83.5469221018355,38.1507588947274,29.262867303822,0.35,86.0302699085467,"O-1a",1,92,"STN",0,0,"S",3022.53573966124,151.978972364979,28.7860546634404,0.35,0.35,1,3.03920882894777,11.2405587399457,86.0302699085467,0,0,0,0,2.27214532364681,0.188839238361804,27.8722230393356,2.26052154126377,0.182844416566859,0,0,238.575258982915,19.8281200279894,0.35,0.35,0,0,0,6.37610930961434,6.20544129834257,44.1314292503235,621.214483039423,4.07522570244665,50.3823723954072,0.56897765725231,0.581594463586496,0,59.7426540114925,0.35,0,34.3700530583129,1037.86571561201,3.60885557112286,13.2683359546075,7.37129775255974,773.986264018772,131.577664883191,402.472857289762,10660.9561654626,506.842943135952,150,314,343
"9","WR-08",4,2024-04-10 11:00:00,6.6,45,0.5745,0,30.4,317,2024-04-10 10:00:00,53,-111.52,"America/Edmonton",-7,4,10,0.666666666666667,2024,"STN",0,100,92,2024-04-10,2024-04-10 11:00:00,-7,0.410435352505742,5.68194268023145,19.2416079903926,13.5596653101612,15.1494280125562,86.0302699085467,17.6002548,52.5314999999994,11.2405587399457,19.1556473058541,15.0660829690811,3.30848775767913,16.1780245766681,83.5469221018355,38.1507588947274,29.262867303822,0.35,86.0302699085467,"O-1a",1,92,"STN",0,0,"S",3022.53573966124,151.978972364979,28.7860546634404,0.35,0.35,1,3.03920882894777,11.2405587399457,86.0302699085467,0,0,0,0,2.27214532364681,0.188839238361804,28.4967019702274,2.26853270416676,0.186941057355649,0,0,238.575258982915,19.8281200279894,0.35,0.35,0,0,0,6.37610930961434,6.3220695418889,44.1314292503235,903.644778100854,5.9279951226839,71.9363150940426,0.56897765725231,0.572916344151333,0,59.7426540114925,0.35,0,34.3700530583129,1383.82095414934,3.60885557112286,23.5881528081912,10.3198168535836,1083.58076962628,184.208730836468,563.462000205666,14925.3386316476,566.999595858179,150,314,343
"10","WR-08",5,2024-04-10 11:00:00,6.6,45,0.5745,0,30.4,317,2024-04-10 10:00:00,53,-111.52,"America/Edmonton",-7,4,10,0.833333333333333,2024,"STN",0,100,92,2024-04-10,2024-04-10 11:00:00,-7,0.410435352505742,5.68194268023145,19.2416079903926,13.5596653101612,15.1494280125562,86.0302699085467,17.6002548,52.5314999999994,11.2405587399457,19.1556473058541,15.0660829690811,3.30848775767913,16.1780245766681,83.5469221018355,38.1507588947274,29.262867303822,0.35,86.0302699085467,"O-1a",1,92,"STN",0,0,"S",3022.53573966124,151.978972364979,28.7860546634404,0.35,0.35,1,3.03920882894777,11.2405587399457,86.0302699085467,0,0,0,0,2.27214532364681,0.188839238361804,28.6944349614503,2.27100807841961,0.188238204460318,0,0,238.575258982915,19.8281200279894,0.35,0.35,0,0,0,6.37610930961434,6.35899833214376,44.1314292503235,1189.78590742028,7.80510796626133,94.1650675809191,0.56897765725231,0.570219244166482,0,59.7426540114925,0.35,0,34.3700530583129,1729.77619268668,3.60885557112286,36.8564887627987,13.2683359546075,1393.17527523379,236.839796789744,724.451143121571,19189.7210978327,616.544232036756,150,314,343
"11","WR-08",6,2024-04-10 11:00:00,6.6,45,0.5745,0,30.4,317,2024-04-10 10:00:00,53,-111.52,"America/Edmonton",-7,4,10,1,2024,"STN",0,100,92,2024-04-10,2024-04-10 11:00:00,-7,0.410435352505742,5.68194268023145,19.2416079903926,13.5596653101612,15.1494280125562,86.0302699085467,17.6002548,52.5314999999994,11.2405587399457,19.1556473058541,15.0660829690811,3.30848775767913,16.1780245766681,83.5469221018355,38.1507588947274,29.262867303822,0.35,86.0302699085467,"O-1a",1,92,"STN",0,0,"S",3022.53573966124,151.978972364979,28.7860546634404,0.35,0.35,1,3.03920882894777,11.2405587399457,86.0302699085467,0,0,0,0,2.27214532364681,0.188839238361804,28.7570444969908,2.27178589092187,0.18864892892895,0,0,238.575258982915,19.8281200279894,0.35,0.35,0,0,0,6.37610930961434,6.37069134498713,44.1314292503235,1477.10202331085,9.68992883276084,116.690000474871,0.56897765725231,0.569370236214501,0,59.7426540114925,0.35,0,34.3700530583129,2075.73143122401,3.60885557112286,53.0733438184301,16.2168550556314,1702.7697808413,289.470862743021,885.440286037476,23454.1035640177,659.195596739602,150,314,343
"12","WR-08",7,2024-04-10 11:00:00,6.6,45,0.5745,0,30.4,317,2024-04-10 10:00:00,53,-111.52,"America/Edmonton",-7,4,10,1.16666666666667,2024,"STN",0,100,92,2024-04-10,2024-04-10 11:00:00,-7,0.410435352505742,5.68194268023145,19.2416079903926,13.5596653101612,15.1494280125562,86.0302699085467,17.6002548,52.5314999999994,11.2405587399457,19.1556473058541,15.0660829690811,3.30848775767913,16.1780245766681,83.5469221018355,38.1507588947274,29.262867303822,0.35,86.0302699085467,"O-1a",1,92,"STN",0,0,"S",3022.53573966124,151.978972364979,28.7860546634404,0.35,0.35,1,3.03920882894777,11.2405587399457,86.0302699085467,0,0,0,0,2.27214532364681,0.188839238361804,28.7768689780566,2.27203158013399,0.188778979397803,0,0,238.575258982915,19.8281200279894,0.35,0.35,0,0,0,6.37610930961434,6.37439378279817,44.1314292503235,1764.79018315338,11.5771903427367,139.336181135357,0.56897765725231,0.569101906825842,0,59.7426540114925,0.35,0,34.3700530583129,2421.68666976135,3.60885557112286,72.2387179750854,19.1653741566553,2012.36428644881,342.101928696298,1046.42942895338,27718.4860302028,696.943951602476,150,314,343
"13","WR-08",8,2024-04-10 11:00:00,6.6,45,0.5745,0,30.4,317,2024-04-10 10:00:00,53,-111.52,"America/Edmonton",-7,4,10,1.33333333333333,2024,"STN",0,100,92,2024-04-10,2024-04-10 11:00:00,-7,0.410435352505742,5.68194268023145,19.2416079903926,13.5596653101612,15.1494280125562,86.0302699085467,17.6002548,52.5314999999994,11.2405587399457,19.1556473058541,15.0660829690811,3.30848775767913,16.1780245766681,83.5469221018355,38.1507588947274,29.262867303822,0.35,86.0302699085467,"O-1a",1,92,"STN",0,0,"S",3022.53573966124,151.978972364979,28.7860546634404,0.35,0.35,1,3.03920882894777,11.2405587399457,86.0302699085467,0,0,0,0,2.27214532364681,0.188839238361804,28.7831461376959,2.27210931489082,0.188820158158116,0,0,238.575258982915,19.8281200279894,0.35,0.35,0,0,0,6.37610930961434,6.37556611074548,44.1314292503235,2052.59614579092,13.4652246501781,162.029640549011,0.56897765725231,0.569016993688411,0,59.7426540114925,0.35,0,34.3700530583129,2767.64190829868,3.60885557112286,94.3526112327646,22.1138932576792,2321.95879205632,394.732994649574,1207.41857186928,31982.8684963878,730.994016951168,150,314,343
"14","WR-08",9,2024-04-10 11:00:00,6.6,45,0.5745,0,30.4,317,2024-04-10 10:00:00,53,-111.52,"America/Edmonton",-7,4,10,1.5,2024,"STN",0,100,92,2024-04-10,2024-04-10 11:00:00,-7,0.410435352505742,5.68194268023145,19.2416079903926,13.5596653101612,15.1494280125562,86.0302699085467,17.6002548,52.5314999999994,11.2405587399457,19.1556473058541,15.0660829690811,3.30848775767913,16.1780245766681,83.5469221018355,38.1507588947274,29.262867303822,0.35,86.0302699085467,"O-1a",1,92,"STN",0,0,"S",3022.53573966124,151.978972364979,28.7860546634404,0.35,0.35,1,3.03920882894777,11.2405587399457,86.0302699085467,0,0,0,0,2.27214532364681,0.188839238361804,28.785133717245,2.27213392261444,0.188833196867749,0,0,238.575258982915,19.8281200279894,0.35,0.35,0,0,0,6.37610930961434,6.37593731287937,44.1314292503235,2340.43940912489,15.3535036537123,184.740909232272,0.56897765725231,0.568990112058272,0,59.7426540114925,0.35,0,34.3700530583129,3113.59714683602,3.60885557112286,119.415023591468,25.0624123587031,2631.55329766383,447.364060602851,1368.40771478519,36247.2509625728,762.136994718156,150,314,343
"15","WR-08",10,2024-04-10 11:00:00,6.6,45,0.5745,0,30.4,317,2024-04-10 10:00:00,53,-111.52,"America/Edmonton",-7,4,10,1.66666666666667,2024,"STN",0,100,92,2024-04-10,2024-04-10 11:00:00,-7,0.410435352505742,5.68194268023145,19.2416079903926,13.5596653101612,15.1494280125562,86.0302699085467,17.6002548,52.5314999999994,11.2405587399457,19.1556473058541,15.0660829690811,3.30848775767913,16.1780245766681,83.5469221018355,38.1507588947274,29.262867303822,0.35,86.0302699085467,"O-1a",1,92,"STN",0,0,"S",3022.53573966124,151.978972364979,28.7860546634404,0.35,0.35,1,3.03920882894777,11.2405587399457,86.0302699085467,0,0,0,0,2.27214532364681,0.188839238361804,28.7857630580123,2.2721417137273,0.188837325402644,0,0,238.575258982915,19.8281200279894,0.35,0.35,0,0,0,6.37610930961434,6.37605484912383,44.1314292503235,2628.29448323089,17.241860137027,207.458719064458,0.56897765725231,0.568981600846084,0,59.7426540114925,0.35,0,34.3700530583129,3459.55238537335,3.60885557112286,147.425955051195,28.010931459727,2941.14780327134,499.995126556127,1529.39685770109,40511.6334287579,790.923724825215,150,314,343
"16","WR-08",11,2024-04-10 11:00:00,6.6,45,0.5745,0,30.4,317,2024-04-10 10:00:00,53,-111.52,"America/Edmonton",-7,4,10,1.83333333333333,2024,"STN",0,100,92,2024-04-10,2024-04-10 11:00:00,-7,0.410435352505742,5.68194268023145,19.2416079903926,13.5596653101612,15.1494280125562,86.0302699085467,17.6002548,52.5314999999994,11.2405587399457,19.1556473058541,15.0660829690811,3.30848775767913,16.1780245766681,83.5469221018355,38.1507588947274,29.262867303822,0.35,86.0302699085467,"O-1a",1,92,"STN",0,0,"S",3022.53573966124,151.978972364979,28.7860546634404,0.35,0.35,1,3.03920882894777,11.2405587399457,86.0302699085467,0,0,0,0,2.27214532364681,0.188839238361804,28.7859623304397,2.27214418062023,0.188838632648596,0,0,238.575258982915,19.8281200279894,0.35,0.35,0,0,0,6.37610930961434,6.37609206542056,44.1314292503235,2916.15329706157,19.1302411532889,230.178886071437,0.56897765725231,0.568978905933512,0,59.7426540114925,0.35,0,34.3700530583129,3805.50762391069,3.60885557112286,178.385405611946,30.9594505607509,3250.74230887885,552.626192509404,1690.386000617,44776.0158949429,817.754923490933,150,314,343
"17","WR-09",1,2024-04-11 12:00:00,11.9,20,0.6849,0,19.6,188,2024-04-11 11:00:00,53,-111.52,"America/Edmonton",-7,4,11,0.166666666666667,2024,"STN",0,101,91.85,2024-04-11,2024-04-11 12:00:00,-7,0.544804204625074,5.64299324847695,19.2709679507927,13.6279747023157,11.8397366103511,89.0573530677535,19.4413452,56.7569999999997,10.0466802301031,20.9458737251389,14.4323127247823,3.06615073558857,9.32570678881506,89.4974463535014,51.6239099010093,31.4231479139321,0.35,89.0573530677535,"O-1a",1,91.85,"STN",0,0,"S",2637.42365137684,155.989534941627,25.1183204893033,0.35,0.35,1,4.94291683105837,10.0466802301031,89.0573530677535,0,0,0,0,5.58432881232376,4.58507667063626,17.1649366373426,4.75576659365054,3.13327280629073,0,0,586.354525293995,481.433050416808,0.35,0.35,0,0,0,2.65953153531976,2.13406283129345,6.70378311209463,101.922886307445,18.604916216878,28.2390473131645,3.22510053306727,3.38313827170029,0,338.635555972063,0.35,0,46.5080269378462,549.975622712636,4.88334282847385,8.9324710489471,8.9324710489471,937.909460139446,159.444608223706,487.712919272512,12918.848959672,625.492052445187,250,145,163
"18","WR-09",2,2024-04-11 12:00:00,11.9,20,0.6849,0,19.6,188,2024-04-11 11:00:00,53,-111.52,"America/Edmonton",-7,4,11,0.333333333333333,2024,"STN",0,101,91.85,2024-04-11,2024-04-11 12:00:00,-7,0.544804204625074,5.64299324847695,19.2709679507927,13.6279747023157,11.8397366103511,89.0573530677535,19.4413452,56.7569999999997,10.0466802301031,20.9458737251389,14.4323127247823,3.06615073558857,9.32570678881506,89.4974463535014,51.6239099010093,31.4231479139321,0.35,89.0573530677535,"O-1a",1,91.85,"STN",0,0,"S",2637.42365137684,155.989534941627,25.1183204893033,0.35,0.35,1,4.94291683105837,10.0466802301031,89.0573530677535,0,0,0,0,5.58432881232376,4.58507667063626,22.5999867207869,5.35976205375477,4.12538218525787,0,0,586.354525293995,481.433050416808,0.35,0.35,0,0,0,2.65953153531976,2.49314882246707,6.70378311209463,305.844786127049,55.8286448452655,72.5334620446814,3.22510053306727,3.29203375507859,0,338.635555972063,0.35,0,46.5080269378462,1099.95124542527,4.88334282847385,35.7298841957884,26.7974131468413,2813.72838041834,478.333824671117,1463.13875781754,38756.5468790159,902.11564386977,250,145,163
"19","WR-09",3,2024-04-11 12:00:00,11.9,20,0.6849,0,19.6,188,2024-04-11 11:00:00,53,-111.52,"America/Edmonton",-7,4,11,0.5,2024,"STN",0,101,91.85,2024-04-11,2024-04-11 12:00:00,-7,0.544804204625074,5.64299324847695,19.2709679507927,13.6279747023157,11.8397366103511,89.0573530677535,19.4413452,56.7569999999997,10.0466802301031,20.9458737251389,14.4323127247823,3.06615073558857,9.32570678881506,89.4974463535014,51.6239099010093,31.4231479139321,0.35,89.0573530677535,"O-1a",1,91.85,"STN",0,0,"S",2637.42365137684,155.989534941627,25.1183204893033,0.35,0.35,1,4.94291683105837,10.0466802301031,89.0573530677535,0,0,0,0,5.58432881232376,4.58507667063626,24.3209234206221,5.51632406956742,4.43952049388468,0,0,586.354525293995,481.433050416808,0.35,0.35,0,0,0,2.65953153531976,2.60684865064156,6.70378311209463,542.063324064993,98.947774085308,122.947509436834,3.22510053306727,3.24728480813966,0,338.635555972063,0.35,0,46.5080269378462,1649.92686813791,4.88334282847385,80.3922394405239,44.6623552447355,4689.54730069723,797.223041118529,2438.56459636256,64594.2447983599,1069.57636451871,250,145,163
"20","WR-09",4,2024-04-11 12:00:00,11.9,20,0.6849,0,19.6,188,2024-04-11 11:00:00,53,-111.52,"America/Edmonton",-7,4,11,0.666666666666667,2024,"STN",0,101,91.85,2024-04-11,2024-04-11 12:00:00,-7,0.544804204625074,5.64299324847695,19.2709679507927,13.6279747023157,11.8397366103511,89.0573530677535,19.4413452,56.7569999999997,10.0466802301031,20.9458737251389,14.4323127247823,3.06615073558857,9.32570678881506,89.4974463535014,51.6239099010093,31.4231479139321,0.35,89.0573530677535,"O-1a",1,91.85,"STN",0,0,"S",2637.42365137684,155.989534941627,25.1183204893033,0.35,0.35,1,4.94291683105837,10.0466802301031,89.0573530677535,0,0,0,0,5.58432881232376,4.58507667063626,24.8658352575637,5.56308933532614,4.53898823306648,0,0,586.354525293995,481.433050416808,0.35,0.35,0,0,0,2.65953153531976,2.64285019691368,6.70378311209463,788.508165158534,143.93360392922,176.408365895399,3.22510053306727,3.23220839594744,0,338.635555972063,0.35,0,46.5080269378462,2199.90249085054,4.88334282847385,142.919536783154,62.5272973426298,6565.36622097612,1116.11225756594,3413.99043490758,90431.9427177039,1196.5232516987,250,145,163
"21","WR-09",5,2024-04-11 12:00:00,11.9,20,0.6849,0,19.6,188,2024-04-11 11:00:00,53,-111.52,"America/Edmonton",-7,4,11,0.833333333333333,2024,"STN",0,101,91.85,2024-04-11,2024-04-11 12:00:00,-7,0.544804204625074,5.64299324847695,19.2709679507927,13.6279747023157,11.8397366103511,89.0573530677535,19.4413452,56.7569999999997,10.0466802301031,20.9458737251389,14.4323127247823,3.06615073558857,9.32570678881506,89.4974463535014,51.6239099010093,31.4231479139321,0.35,89.0573530677535,"O-1a",1,91.85,"STN",0,0,"S",2637.42365137684,155.989534941627,25.1183204893033,0.35,0.35,1,4.94291683105837,10.0466802301031,89.0573530677535,0,0,0,0,5.58432881232376,4.58507667063626,25.0383743812094,5.57763249618347,4.57048337665844,0,0,586.354525293995,481.433050416808,0.35,0.35,0,0,0,2.65953153531976,2.65424961021794,6.70378311209463,1038.19102984595,189.51049982174,231.270925865726,3.22510053306727,3.22735906215975,0,338.635555972063,0.35,0,46.5080269378462,2749.87811356318,4.88334282847385,223.311776223678,80.3922394405239,8441.18514125501,1435.00147401335,4389.41627345261,116269.640637048,1301.07589973877,250,145,163
"22","WR-12",1,2024-04-23 11:00:00,16.5,19,0.7241,0,9.5,280,2024-04-23 10:00:00,53,-111.52,"America/Edmonton",-7,4,23,0.166666666666667,2024,"STN",0,113,89.87,2024-04-23,2024-04-23 11:00:00,-7,0.647268327467711,5.19073630511342,19.6237960228152,14.4330597177018,11.1392017185043,89.7142900384415,30.0631126297798,99.2134372907001,6.63668702210056,34.2105166101358,13.451829727386,2.70714746626778,7.07904410914033,91.5048406297547,29.6018082277559,27.4506515775063,0.35,89.7142900384415,"O-1a",1,89.87,"STN",0,0,"S",1509.32902104436,146.938194116234,14.3745621051844,0.35,0.35,1,2.27012125606598,6.63668702210056,89.7142900384415,0,0,0,0,2.04371461671515,2.43409283015598,9.82304719896023,1.8367581508789,1.66336954004668,0,0,214.590034755091,255.579747166378,0.35,0.35,0,0,0,4.11228035408309,3.12681795736433,17.1492745763819,58.3278193217548,9.87684534463221,10.9064015872351,0.249216518830707,0.300922669790652,0,26.1677344772243,0.35,0,26.668295700681,311.841276879451,2.8001710485715,1.85726710387653,1.85726710387653,195.013045907036,33.152217804196,101.406783871659,2686.12717144787,471.737282582586,375,138,305
"23","WR-12",2,2024-04-23 11:00:00,16.5,19,0.7241,0,9.5,280,2024-04-23 10:00:00,53,-111.52,"America/Edmonton",-7,4,23,0.333333333333333,2024,"STN",0,113,89.87,2024-04-23,2024-04-23 11:00:00,-7,0.647268327467711,5.19073630511342,19.6237960228152,14.4330597177018,11.1392017185043,89.7142900384415,30.0631126297798,99.2134372907001,6.63668702210056,34.2105166101358,13.451829727386,2.70714746626778,7.07904410914033,91.5048406297547,29.6018082277559,27.4506515775063,0.35,89.7142900384415,"O-1a",1,89.87,"STN",0,0,"S",1509.32902104436,146.938194116234,14.3745621051844,0.35,0.35,1,2.27012125606598,6.63668702210056,89.7142900384415,0,0,0,0,2.04371461671515,2.43409283015598,12.933385129497,1.98979694261957,2.19005349749058,0,0,214.590034755091,255.579747166378,0.35,0.35,0,0,0,4.11228035408309,3.80024672444153,17.1492745763819,175.027023586323,29.6379131466798,26.9278485810786,0.249216518830707,0.263863371311512,0,26.1677344772243,0.35,0,26.668295700681,623.682553758903,2.8001710485715,7.42906841550612,5.57180131162959,585.039137721107,99.4566534125882,304.220351614976,8058.38151434362,680.362893102719,375,138,305
"24","WR-12",3,2024-04-23 11:00:00,16.5,19,0.7241,0,9.5,280,2024-04-23 10:00:00,53,-111.52,"America/Edmonton",-7,4,23,0.5,2024,"STN",0,113,89.87,2024-04-23,2024-04-23 11:00:00,-7,0.647268327467711,5.19073630511342,19.6237960228152,14.4330597177018,11.1392017185043,89.7142900384415,30.0631126297798,99.2134372907001,6.63668702210056,34.2105166101358,13.451829727386,2.70714746626778,7.07904410914033,91.5048406297547,29.6018082277559,27.4506515775063,0.35,89.7142900384415,"O-1a",1,89.87,"STN",0,0,"S",1509.32902104436,146.938194116234,14.3745621051844,0.35,0.35,1,2.27012125606598,6.63668702210056,89.7142900384415,0,0,0,0,2.04371461671515,2.43409283015598,13.9182324834992,2.02754933454008,2.35682100425939,0,0,214.590034755091,255.579747166378,0.35,0.35,0,0,0,4.11228035408309,4.01347903365577,17.1492745763819,310.208754603364,52.5286892154674,45.1899014267958,0.249216518830707,0.253695460590401,0,26.1677344772243,0.35,0,26.668295700681,935.523830638354,2.8001710485715,16.7154039348888,9.28633551938264,975.065229535178,165.76108902098,507.033919358292,13430.6358572394,806.659406366849,375,138,305
"25","WR-12",4,2024-04-23 11:00:00,16.5,19,0.7241,0,9.5,280,2024-04-23 10:00:00,53,-111.52,"America/Edmonton",-7,4,23,0.666666666666667,2024,"STN",0,113,89.87,2024-04-23,2024-04-23 11:00:00,-7,0.647268327467711,5.19073630511342,19.6237960228152,14.4330597177018,11.1392017185043,89.7142900384415,30.0631126297798,99.2134372907001,6.63668702210056,34.2105166101358,13.451829727386,2.70714746626778,7.07904410914033,91.5048406297547,29.6018082277559,27.4506515775063,0.35,89.7142900384415,"O-1a",1,89.87,"STN",0,0,"S",1509.32902104436,146.938194116234,14.3745621051844,0.35,0.35,1,2.27012125606598,6.63668702210056,89.7142900384415,0,0,0,0,2.04371461671515,2.43409283015598,14.230071368002,2.03868077632111,2.40962572884006,0,0,214.590034755091,255.579747166378,0.35,0.35,0,0,0,4.11228035408309,4.0809962231726,17.1492745763819,451.24273318127,76.4104459989344,64.6475946466329,0.249216518830707,0.250619316452998,0,26.1677344772243,0.35,0,26.668295700681,1247.36510751781,2.8001710485715,29.7162736620245,13.0008697271357,1365.09132134925,232.065524629372,709.84748710161,18802.8902001351,902.400957928538,375,138,305
"26","WR-12",5,2024-04-23 11:00:00,16.5,19,0.7241,0,9.5,280,2024-04-23 10:00:00,53,-111.52,"America/Edmonton",-7,4,23,0.833333333333333,2024,"STN",0,113,89.87,2024-04-23,2024-04-23 11:00:00,-7,0.647268327467711,5.19073630511342,19.6237960228152,14.4330597177018,11.1392017185043,89.7142900384415,30.0631126297798,99.2134372907001,6.63668702210056,34.2105166101358,13.451829727386,2.70714746626778,7.07904410914033,91.5048406297547,29.6018082277559,27.4506515775063,0.35,89.7142900384415,"O-1a",1,89.87,"STN",0,0,"S",1509.32902104436,146.938194116234,14.3745621051844,0.35,0.35,1,2.27012125606598,6.63668702210056,89.7142900384415,0,0,0,0,2.04371461671515,2.43409283015598,14.3288110249578,2.04212902393198,2.42634564623924,0,0,214.590034755091,255.579747166378,0.35,0.35,0,0,0,4.11228035408309,4.10237464793877,17.1492745763819,594.129748520455,100.605983714414,84.6748276128241,0.249216518830707,0.249659168769856,0,26.1677344772243,0.35,0,26.668295700681,1559.20638439726,2.8001710485715,46.4316775969132,16.7154039348888,1755.11741316332,298.369960237764,912.661054844926,24175.1445430308,981.253090230501,375,138,305
"27","WR-12",6,2024-04-23 11:00:00,16.5,19,0.7241,0,9.5,280,2024-04-23 10:00:00,53,-111.52,"America/Edmonton",-7,4,23,1,2024,"STN",0,113,89.87,2024-04-23,2024-04-23 11:00:00,-7,0.647268327467711,5.19073630511342,19.6237960228152,14.4330597177018,11.1392017185043,89.7142900384415,30.0631126297798,99.2134372907001,6.63668702210056,34.2105166101358,13.451829727386,2.70714746626778,7.07904410914033,91.5048406297547,29.6018082277559,27.4506515775063,0.35,89.7142900384415,"O-1a",1,89.87,"STN",0,0,"S",1509.32902104436,146.938194116234,14.3745621051844,0.35,0.35,1,2.27012125606598,6.63668702210056,89.7142900384415,0,0,0,0,2.04371461671515,2.43409283015598,14.3600756309458,2.04321338680196,2.4316397868688,0,0,214.590034755091,255.579747166378,0.35,0.35,0,0,0,4.11228035408309,4.10914384329114,17.1492745763819,737.603503433273,124.9008760105,104.949402154898,0.249216518830707,0.249356525472891,0,26.1677344772243,0.35,0,26.668295700681,1871.04766127671,2.8001710485715,66.861615739555,20.4299381426418,2145.14350497739,364.674395846157,1115.47462258824,29547.3988859266,1049.13432444294,375,138,305
"28","WR-12",7,2024-04-23 11:00:00,16.5,19,0.7241,0,9.5,280,2024-04-23 10:00:00,53,-111.52,"America/Edmonton",-7,4,23,1.16666666666667,2024,"STN",0,113,89.87,2024-04-23,2024-04-23 11:00:00,-7,0.647268327467711,5.19073630511342,19.6237960228152,14.4330597177018,11.1392017185043,89.7142900384415,30.0631126297798,99.2134372907001,6.63668702210056,34.2105166101358,13.451829727386,2.70714746626778,7.07904410914033,91.5048406297547,29.6018082277559,27.4506515775063,0.35,89.7142900384415,"O-1a",1,89.87,"STN",0,0,"S",1509.32902104436,146.938194116234,14.3745621051844,0.35,0.35,1,2.27012125606598,6.63668702210056,89.7142900384415,0,0,0,0,2.04371461671515,2.43409283015598,14.3699751547818,2.04355599163537,2.43331610645438,0,0,214.590034755091,255.579747166378,0.35,0.35,0,0,0,4.11228035408309,4.11128721943881,17.1492745763819,881.263041669151,149.227227620011,125.324529069247,0.249216518830707,0.249260834798375,0,26.1677344772243,0.35,0,26.668295700681,2182.88893815616,2.8001710485715,91.0060880899499,24.1444723503949,2535.16959679146,430.978831454549,1318.28819033156,34919.6532288223,1109.21223602756,375,138,305
"29","WR-12",8,2024-04-23 11:00:00,16.5,19,0.7241,0,9.5,280,2024-04-23 10:00:00,53,-111.52,"America/Edmonton",-7,4,23,1.33333333333333,2024,"STN",0,113,89.87,2024-04-23,2024-04-23 11:00:00,-7,0.647268327467711,5.19073630511342,19.6237960228152,14.4330597177018,11.1392017185043,89.7142900384415,30.0631126297798,99.2134372907001,6.63668702210056,34.2105166101358,13.451829727386,2.70714746626778,7.07904410914033,91.5048406297547,29.6018082277559,27.4506515775063,0.35,89.7142900384415,"O-1a",1,89.87,"STN",0,0,"S",1509.32902104436,146.938194116234,14.3745621051844,0.35,0.35,1,2.27012125606598,6.63668702210056,89.7142900384415,0,0,0,0,2.04371461671515,2.43409283015598,14.3731097080276,2.04366439847213,2.43384689087241,0,0,214.590034755091,255.579747166378,0.35,0.35,0,0,0,4.11228035408309,4.11196589113777,17.1492745763819,1024.98140573625,173.563540404892,145.738678027982,0.249216518830707,0.249230549363797,0,26.1677344772243,0.35,0,26.668295700681,2494.73021503561,2.8001710485715,118.865094648098,27.859006558148,2925.19568860553,497.283267062941,1521.10175807488,40291.9075717181,1163.40418221702,375,138,305
"30","WR-12",9,2024-04-23 11:00:00,16.5,19,0.7241,0,9.5,280,2024-04-23 10:00:00,53,-111.52,"America/Edmonton",-7,4,23,1.5,2024,"STN",0,113,89.87,2024-04-23,2024-04-23 11:00:00,-7,0.647268327467711,5.19073630511342,19.6237960228152,14.4330597177018,11.1392017185043,89.7142900384415,30.0631126297798,99.2134372907001,6.63668702210056,34.2105166101358,13.451829727386,2.70714746626778,7.07904410914033,91.5048406297547,29.6018082277559,27.4506515775063,0.35,89.7142900384415,"O-1a",1,89.87,"STN",0,0,"S",1509.32902104436,146.938194116234,14.3745621051844,0.35,0.35,1,2.27012125606598,6.63668702210056,89.7142900384415,0,0,0,0,2.04371461671515,2.43409283015598,14.3741022228408,2.04369871660386,2.43401495673577,0,0,214.590034755091,255.579747166378,0.35,0.35,0,0,0,4.11228035408309,4.112180783552,17.1492745763819,1168.7183962245,197.903007264162,166.167476020863,0.249216518830707,0.249220961259823,0,26.1677344772243,0.35,0,26.668295700681,2806.57149191506,2.8001710485715,150.438635413999,31.573540765901,3315.2217804196,563.587702671333,1723.91532581819,45664.1619146138,1212.96939033174,375,138,305
"31","WR-12",10,2024-04-23 11:00:00,16.5,19,0.7241,0,9.5,280,2024-04-23 10:00:00,53,-111.52,"America/Edmonton",-7,4,23,1.66666666666667,2024,"STN",0,113,89.87,2024-04-23,2024-04-23 11:00:00,-7,0.647268327467711,5.19073630511342,19.6237960228152,14.4330597177018,11.1392017185043,89.7142900384415,30.0631126297798,99.2134372907001,6.63668702210056,34.2105166101358,13.451829727386,2.70714746626778,7.07904410914033,91.5048406297547,29.6018082277559,27.4506515775063,0.35,89.7142900384415,"O-1a",1,89.87,"STN",0,0,"S",1509.32902104436,146.938194116234,14.3745621051844,0.35,0.35,1,2.27012125606598,6.63668702210056,89.7142900384415,0,0,0,0,2.04371461671515,2.43409283015598,14.3744164895248,2.04370958223858,2.43406817256778,0,0,214.590034755091,255.579747166378,0.35,0.35,0,0,0,4.11228035408309,4.1122488263918,17.1492745763819,1312.46128452257,222.243472819357,186.601640870127,0.249216518830707,0.249217925451717,0,26.1677344772243,0.35,0,26.668295700681,3118.41276879451,2.8001710485715,185.726710387653,35.288074973654,3705.24787223367,629.892138279724,1926.72889356151,51036.4162575095,1258.78454260698,375,138,305
"32","WR-12",11,2024-04-23 11:00:00,16.5,19,0.7241,0,9.5,280,2024-04-23 10:00:00,53,-111.52,"America/Edmonton",-7,4,23,1.83333333333333,2024,"STN",0,113,89.87,2024-04-23,2024-04-23 11:00:00,-7,0.647268327467711,5.19073630511342,19.6237960228152,14.4330597177018,11.1392017185043,89.7142900384415,30.0631126297798,99.2134372907001,6.63668702210056,34.2105166101358,13.451829727386,2.70714746626778,7.07904410914033,91.5048406297547,29.6018082277559,27.4506515775063,0.35,89.7142900384415,"O-1a",1,89.87,"STN",0,0,"S",1509.32902104436,146.938194116234,14.3745621051844,0.35,0.35,1,2.27012125606598,6.63668702210056,89.7142900384415,0,0,0,0,2.04371461671515,2.43409283015598,14.3745159979124,2.04371302262311,2.43408502265691,0,0,214.590034755091,255.579747166378,0.35,0.35,0,0,0,4.11228035408309,4.11227037125678,17.1492745763819,1456.20604028409,246.584254598402,207.037735989388,0.249216518830707,0.249216964217095,0,26.1677344772243,0.35,0,26.668295700681,3430.25404567397,2.8001710485715,224.72931956906,39.0026091814071,4095.27396404775,696.196573888117,2129.54246130483,56408.6706004053,1301.48739381743,375,138,305
"33","WR-12",12,2024-04-23 11:00:00,16.5,19,0.7241,0,9.5,280,2024-04-23 10:00:00,53,-111.52,"America/Edmonton",-7,4,23,2,2024,"STN",0,113,89.87,2024-04-23,2024-04-23 11:00:00,-7,0.647268327467711,5.19073630511342,19.6237960228152,14.4330597177018,11.1392017185043,89.7142900384415,30.0631126297798,99.2134372907001,6.63668702210056,34.2105166101358,13.451829727386,2.70714746626778,7.07904410914033,91.5048406297547,29.6018082277559,27.4506515775063,0.35,89.7142900384415,"O-1a",1,89.87,"STN",0,0,"S",1509.32902104436,146.938194116234,14.3745621051844,0.35,0.35,1,2.27012125606598,6.63668702210056,89.7142900384415,0,0,0,0,2.04371461671515,2.43409283015598,14.3745475059267,2.04371411196783,2.4340903580147,0,0,214.590034755091,255.579747166378,0.35,0.35,0,0,0,4.11228035408309,4.11227719315322,17.1492745763819,1599.9513873532,270.925136505547,227.474515455048,0.249216518830707,0.249216659856259,0,26.1677344772243,0.35,0,26.668295700681,3742.09532255342,2.8001710485715,267.44646295822,42.7171433891602,4485.30005586182,762.501009496509,2332.35602904815,61780.9249433011,1341.55808110152,375,138,305
"34","WR-12",13,2024-04-23 11:00:00,16.5,19,0.7241,0,9.5,280,2024-04-23 10:00:00,53,-111.52,"America/Edmonton",-7,4,23,2.16666666666667,2024,"STN",0,113,89.87,2024-04-23,2024-04-23 11:00:00,-7,0.647268327467711,5.19073630511342,19.6237960228152,14.4330597177018,11.1392017185043,89.7142900384415,30.0631126297798,99.2134372907001,6.63668702210056,34.2105166101358,13.451829727386,2.70714746626778,7.07904410914033,91.5048406297547,29.6018082277559,27.4506515775063,0.35,89.7142900384415,"O-1a",1,89.87,"STN",0,0,"S",1509.32902104436,146.938194116234,14.3745621051844,0.35,0.35,1,2.27012125606598,6.63668702210056,89.7142900384415,0,0,0,0,2.04371461671515,2.43409283015598,14.3745574825226,2.04371445689367,2.43409204738515,0,0,214.590034755091,255.579747166378,0.35,0.35,0,0,0,4.11228035408309,4.11227935321647,17.1492745763819,1743.69692165203,295.266050116928,247.911534776226,0.249216518830707,0.249216563484567,0,26.1677344772243,0.35,0,26.668295700681,4053.93659943287,2.8001710485715,313.878140555133,46.4316775969132,4875.32614767588,828.8054451049,2535.16959679146,67153.1792861967,1379.36818204782,375,138,305
"35","WR-12",14,2024-04-23 11:00:00,16.5,19,0.7241,0,9.5,280,2024-04-23 10:00:00,53,-111.52,"America/Edmonton",-7,4,23,2.33333333333333,2024,"STN",0,113,89.87,2024-04-23,2024-04-23 11:00:00,-7,0.647268327467711,5.19073630511342,19.6237960228152,14.4330597177018,11.1392017185043,89.7142900384415,30.0631126297798,99.2134372907001,6.63668702210056,34.2105166101358,13.451829727386,2.70714746626778,7.07904410914033,91.5048406297547,29.6018082277559,27.4506515775063,0.35,89.7142900384415,"O-1a",1,89.87,"STN",0,0,"S",1509.32902104436,146.938194116234,14.3745621051844,0.35,0.35,1,2.27012125606598,6.63668702210056,89.7142900384415,0,0,0,0,2.04371461671515,2.43409283015598,14.3745606414797,2.0437145661098,2.43409258230196,0,0,214.590034755091,255.579747166378,0.35,0.35,0,0,0,4.11228035408309,4.11228003717192,17.1492745763819,1887.44251523468,319.606973767038,268.348637380195,0.249216518830707,0.24921653296976,0,26.1677344772243,0.35,0,26.668295700681,4365.77787631232,2.8001710485715,364.0243523598,50.1462118046663,5265.35223948997,895.109880713294,2737.98316453478,72525.4336290926,1415.21184774776,375,138,305
"36","WR-12",15,2024-04-23 11:00:00,16.5,19,0.7241,0,9.5,280,2024-04-23 10:00:00,53,-111.52,"America/Edmonton",-7,4,23,2.5,2024,"STN",0,113,89.87,2024-04-23,2024-04-23 11:00:00,-7,0.647268327467711,5.19073630511342,19.6237960228152,14.4330597177018,11.1392017185043,89.7142900384415,30.0631126297798,99.2134372907001,6.63668702210056,34.2105166101358,13.451829727386,2.70714746626778,7.07904410914033,91.5048406297547,29.6018082277559,27.4506515775063,0.35,89.7142900384415,"O-1a",1,89.87,"STN",0,0,"S",1509.32902104436,146.938194116234,14.3745621051844,0.35,0.35,1,2.27012125606598,6.63668702210056,89.7142900384415,0,0,0,0,2.04371461671515,2.43409283015598,14.3745616417216,2.04371460069164,2.43409275167628,0,0,214.590034755091,255.579747166378,0.35,0.35,0,0,0,4.11228035408309,4.11228025373736,17.1492745763819,2031.18812758877,343.947900595777,288.78576867736,0.249216518830707,0.249216523307651,0,26.1677344772243,0.35,0,26.668295700681,4677.61915319177,2.8001710485715,417.885098372219,53.8607460124194,5655.37833130403,961.414316321686,2940.7967322781,77897.6879719883,1449.3263905818,375,138,305
"37","WR-14",1,2024-04-24 12:00:00,19.5,16,0.6195,0,30.8,154,2024-04-24 11:00:00,53,-111.52,"America/Edmonton",-7,4,24,0.166666666666667,2024,"STN",0,114,89.66,2024-04-24,2024-04-24 12:00:00,-7,0.612905187197078,5.15462644137711,19.6532002308477,14.4985737894706,7.66263931542058,93.0623811441516,34.5821890297798,105.6829372907,31.2325529505635,38.0428600109099,42.1070175467301,20.4021687760669,6.9499396348216,88.6624204265472,100.372698170974,36.1724715165785,0.35,93.0623811441516,"O-1a",1,89.66,"STN",0,0,"S",8107.87051614461,189.050128743783,77.2178144394725,0.35,0.35,1,10,31.2325529505635,93.0623811441516,0,0,0,0,4.44926984031876,0.0383896604567845,52.7678151368467,4.2238443513808,0.0262340823921895,0,0,467.17333323347,4.03091434796237,0.35,0.35,0,0,0,8.68189690360457,6.24952588534426,85.8357037881637,313.327577987362,0.155774148983589,25.0805707414937,3.30437373032023,4.22760042552972,0,346.959241683624,0.35,0,90.4258542080843,904.708103864579,9.49471469184885,7.40443999561635,7.40443999561635,777.466199539717,132.169253921752,404.282423760653,10708.8891092009,505.394425970135,550,18,28
"38","WR-14",2,2024-04-24 12:00:00,19.5,16,0.6195,0,30.8,154,2024-04-24 11:00:00,53,-111.52,"America/Edmonton",-7,4,24,0.333333333333333,2024,"STN",0,114,89.66,2024-04-24,2024-04-24 12:00:00,-7,0.612905187197078,5.15462644137711,19.6532002308477,14.4985737894706,7.66263931542058,93.0623811441516,34.5821890297798,105.6829372907,31.2325529505635,38.0428600109099,42.1070175467301,20.4021687760669,6.9499396348216,88.6624204265472,100.372698170974,36.1724715165785,0.35,93.0623811441516,"O-1a",1,89.66,"STN",0,0,"S",8107.87051614461,189.050128743783,77.2178144394725,0.35,0.35,1,10,31.2325529505635,93.0623811441516,0,0,0,0,4.44926984031876,0.0383896604567845,69.4760456489689,4.39288782514111,0.0345407574884763,0,0,467.17333323347,4.03091434796237,0.35,0.35,0,0,0,8.68189690360457,7.91171880245139,85.8357037881637,940.216761407111,0.467438796192418,59.4487887961741,3.30437373032023,3.55602582926098,0,346.959241683624,0.35,0,90.4258542080843,1809.41620772916,9.49471469184885,29.6177599824654,22.213319986849,2332.39859861915,396.507761765255,1212.84727128196,32126.6673276026,728.904893691187,550,18,28
"39","WR-14",3,2024-04-24 12:00:00,19.5,16,0.6195,0,30.8,154,2024-04-24 11:00:00,53,-111.52,"America/Edmonton",-7,4,24,0.5,2024,"STN",0,114,89.66,2024-04-24,2024-04-24 12:00:00,-7,0.612905187197078,5.15462644137711,19.6532002308477,14.4985737894706,7.66263931542058,93.0623811441516,34.5821890297798,105.6829372907,31.2325529505635,38.0428600109099,42.1070175467301,20.4021687760669,6.9499396348216,88.6624204265472,100.372698170974,36.1724715165785,0.35,93.0623811441516,"O-1a",1,89.66,"STN",0,0,"S",8107.87051614461,189.050128743783,77.2178144394725,0.35,0.35,1,10,31.2325529505635,93.0623811441516,0,0,0,0,4.44926984031876,0.0383896604567845,74.7664857803679,4.43253075558127,0.0371709562552459,0,0,467.17333323347,4.03091434796237,0.35,0.35,0,0,0,8.68189690360457,8.43803019780893,85.8357037881637,1666.39107857228,0.828464107136179,98.7919872052803,3.30437373032023,3.3805108786969,0,346.959241683624,0.35,0,90.4258542080843,2714.12431159374,9.49471469184885,66.6399599605471,37.0221999780817,3887.33099769858,660.846269608759,2021.41211880326,53544.4455460044,864.212311993408,550,18,28
"40","WR-14",4,2024-04-24 12:00:00,19.5,16,0.6195,0,30.8,154,2024-04-24 11:00:00,53,-111.52,"America/Edmonton",-7,4,24,0.666666666666667,2024,"STN",0,114,89.66,2024-04-24,2024-04-24 12:00:00,-7,0.612905187197078,5.15462644137711,19.6532002308477,14.4985737894706,7.66263931542058,93.0623811441516,34.5821890297798,105.6829372907,31.2325529505635,38.0428600109099,42.1070175467301,20.4021687760669,6.9499396348216,88.6624204265472,100.372698170974,36.1724715165785,0.35,93.0623811441516,"O-1a",1,89.66,"STN",0,0,"S",8107.87051614461,189.050128743783,77.2178144394725,0.35,0.35,1,10,31.2325529505635,93.0623811441516,0,0,0,0,4.44926984031876,0.0383896604567845,76.4416336521673,4.44407228143434,0.0380037738955807,0,0,467.17333323347,4.03091434796237,0.35,0.35,0,0,0,8.68189690360457,8.60467973772232,85.8357037881637,2424.00271973397,1.20511881917937,140.923771277692,3.30437373032023,3.32814287882893,0,346.959241683624,0.35,0,90.4258542080843,3618.83241545832,9.49471469184885,118.471039929862,51.8310799693144,5442.26339677802,925.184777452263,2829.97696632457,74962.2237644062,966.784757037623,550,18,28
"41","WR-14",5,2024-04-24 12:00:00,19.5,16,0.6195,0,30.8,154,2024-04-24 11:00:00,53,-111.52,"America/Edmonton",-7,4,24,0.833333333333333,2024,"STN",0,114,89.66,2024-04-24,2024-04-24 12:00:00,-7,0.612905187197078,5.15462644137711,19.6532002308477,14.4985737894706,7.66263931542058,93.0623811441516,34.5821890297798,105.6829372907,31.2325529505635,38.0428600109099,42.1070175467301,20.4021687760669,6.9499396348216,88.6624204265472,100.372698170974,36.1724715165785,0.35,93.0623811441516,"O-1a",1,89.66,"STN",0,0,"S",8107.87051614461,189.050128743783,77.2178144394725,0.35,0.35,1,10,31.2325529505635,93.0623811441516,0,0,0,0,4.44926984031876,0.0383896604567845,76.9720470625261,4.44763413288366,0.0382674745826981,0,0,467.17333323347,4.03091434796237,0.35,0.35,0,0,0,8.68189690360457,8.65744710965901,85.8357037881637,3191.56857360383,1.58672237429402,184.416679393603,3.30437373032023,3.31186648077727,0,346.959241683624,0.35,0,90.4258542080843,4523.5405193229,9.49471469184885,185.110999890409,66.6399599605471,6997.19579585745,1189.52328529577,3638.54181384587,96380.001982808,1051.26276972108,550,18,28
"42","WR-14",6,2024-04-24 12:00:00,19.5,16,0.6195,0,30.8,154,2024-04-24 11:00:00,53,-111.52,"America/Edmonton",-7,4,24,1,2024,"STN",0,114,89.66,2024-04-24,2024-04-24 12:00:00,-7,0.612905187197078,5.15462644137711,19.6532002308477,14.4985737894706,7.66263931542058,93.0623811441516,34.5821890297798,105.6829372907,31.2325529505635,38.0428600109099,42.1070175467301,20.4021687760669,6.9499396348216,88.6624204265472,100.372698170974,36.1724715165785,0.35,93.0623811441516,"O-1a",1,89.66,"STN",0,0,"S",8107.87051614461,189.050128743783,77.2178144394725,0.35,0.35,1,10,31.2325529505635,93.0623811441516,0,0,0,0,4.44926984031876,0.0383896604567845,77.1399954512174,4.44875291282419,0.03835097191635,0,0,467.17333323347,4.03091434796237,0.35,0.35,0,0,0,8.68189690360457,8.67415519983766,85.8357037881637,3962.28629722733,1.96989291509098,228.50964150472,3.30437373032023,3.30674287469559,0,346.959241683624,0.35,0,90.4258542080843,5428.24862318747,9.49471469184885,266.559839842189,81.4488399517798,8552.12819493688,1453.86179313927,4447.10666136718,117797.78020121,1123.98714124229,550,18,28
"43","WR-14",7,2024-04-24 12:00:00,19.5,16,0.6195,0,30.8,154,2024-04-24 11:00:00,53,-111.52,"America/Edmonton",-7,4,24,1.16666666666667,2024,"STN",0,114,89.66,2024-04-24,2024-04-24 12:00:00,-7,0.612905187197078,5.15462644137711,19.6532002308477,14.4985737894706,7.66263931542058,93.0623811441516,34.5821890297798,105.6829372907,31.2325529505635,38.0428600109099,42.1070175467301,20.4021687760669,6.9499396348216,88.6624204265472,100.372698170974,36.1724715165785,0.35,93.0623811441516,"O-1a",1,89.66,"STN",0,0,"S",8107.87051614461,189.050128743783,77.2178144394725,0.35,0.35,1,10,31.2325529505635,93.0623811441516,0,0,0,0,4.44926984031876,0.0383896604567845,77.1931740864351,4.44910626183393,0.0383774102423293,0,0,467.17333323347,4.03091434796237,0.35,0.35,0,0,0,8.68189690360457,8.67944559553432,85.8357037881637,4734.00201870712,2.35355962117205,272.848969798555,3.30437373032023,3.30512355460239,0,346.959241683624,0.35,0,90.4258542080843,6332.95672705205,9.49471469184885,362.817559785201,96.2577199430125,10107.0605940163,1718.20030098277,5255.67150888848,139215.558419612,1188.3514447643,550,18,28
"44","WR-14",8,2024-04-24 12:00:00,19.5,16,0.6195,0,30.8,154,2024-04-24 11:00:00,53,-111.52,"America/Edmonton",-7,4,24,1.33333333333333,2024,"STN",0,114,89.66,2024-04-24,2024-04-24 12:00:00,-7,0.612905187197078,5.15462644137711,19.6532002308477,14.4985737894706,7.66263931542058,93.0623811441516,34.5821890297798,105.6829372907,31.2325529505635,38.0428600109099,42.1070175467301,20.4021687760669,6.9499396348216,88.6624204265472,100.372698170974,36.1724715165785,0.35,93.0623811441516,"O-1a",1,89.66,"STN",0,0,"S",8107.87051614461,189.050128743783,77.2178144394725,0.35,0.35,1,10,31.2325529505635,93.0623811441516,0,0,0,0,4.44926984031876,0.0383896604567845,77.2100123976903,4.44921805535029,0.0383857815884552,0,0,467.17333323347,4.03091434796237,0.35,0.35,0,0,0,8.68189690360457,8.68112072933645,85.8357037881637,5506.03374300397,2.73738343142576,317.284559113398,3.30437373032023,3.30461111879458,0,346.959241683624,0.35,0,90.4258542080843,7237.66483091663,9.49471469184885,473.884159719446,111.066599934245,11661.9929930957,1982.53880882628,6064.23635640979,160633.336638013,1246.40983562686,550,18,28
"45","WR-14",9,2024-04-24 12:00:00,19.5,16,0.6195,0,30.8,154,2024-04-24 11:00:00,53,-111.52,"America/Edmonton",-7,4,24,1.5,2024,"STN",0,114,89.66,2024-04-24,2024-04-24 12:00:00,-7,0.612905187197078,5.15462644137711,19.6532002308477,14.4985737894706,7.66263931542058,93.0623811441516,34.5821890297798,105.6829372907,31.2325529505635,38.0428600109099,42.1070175467301,20.4021687760669,6.9499396348216,88.6624204265472,100.372698170974,36.1724715165785,0.35,93.0623811441516,"O-1a",1,89.66,"STN",0,0,"S",8107.87051614461,189.050128743783,77.2178144394725,0.35,0.35,1,10,31.2325529505635,93.0623811441516,0,0,0,0,4.44926984031876,0.0383896604567845,77.215344026168,4.44925344429543,0.0383884322644479,0,0,467.17333323347,4.03091434796237,0.35,0.35,0,0,0,8.68189690360457,8.68165113829183,85.8357037881637,6278.16552541193,3.12125698663715,361.756460973992,3.30437373032023,3.30444889288533,0,346.959241683624,0.35,0,90.4258542080843,8142.37293478121,9.49471469184885,599.759639644924,125.875479925478,13216.9253921752,2246.87731666978,6872.8012039311,182051.114856415,1299.51138351829,550,18,28
"46","WR-15",1,2024-04-24 17:00:00,19.8,16,0.2952,0,14.9,283,2024-04-24 16:00:00,53,-111.52,"America/Edmonton",-7,4,24,0.166666666666667,2024,"STN",0,114,89.66,2024-04-24,2024-04-24 17:00:00,-7,0.311377041532913,5.15462644137711,19.6532002308477,14.4985737894706,5.99232558428315,94.7249881954659,36.5411170297798,108.1699372907,17.6552198290492,39.6210531032216,29.4496732992991,10.8353103705614,6.10609094161105,91.6551950549185,54.4815915120318,31.8079903342976,0.35,94.7249881954659,"O-1a",1,89.66,"STN",0,0,"S",4721.04469914147,158.995555187193,44.962330468014,0.35,0.35,1,5.49963660917301,17.6552198290492,94.7249881954659,0,0,0,0,3.77270674566465,1.27072667338202,30.7256034048687,3.50746974712964,0.868367884758543,0,0,396.134208294788,133.426300705112,0.35,0.35,0,0,0,6.12730597130616,4.50381237293385,40.5035679013702,182.444144637804,5.15624164896326,20.8268429890832,0.451977594218831,0.576706401471542,0,47.4576473929773,0.35,0,49.0825148757044,504.696863189995,5.15366406194896,3.26498751334207,3.26498751334207,342.823688900917,58.2800271131559,178.268318228477,4722.08421487726,490.021384096996,600,251,360
"47","WR-15",2,2024-04-24 17:00:00,19.8,16,0.2952,0,14.9,283,2024-04-24 16:00:00,53,-111.52,"America/Edmonton",-7,4,24,0.333333333333333,2024,"STN",0,114,89.66,2024-04-24,2024-04-24 17:00:00,-7,0.311377041532913,5.15462644137711,19.6532002308477,14.4985737894706,5.99232558428315,94.7249881954659,36.5411170297798,108.1699372907,17.6552198290492,39.6210531032216,29.4496732992991,10.8353103705614,6.10609094161105,91.6551950549185,54.4815915120318,31.8079903342976,0.35,94.7249881954659,"O-1a",1,89.66,"STN",0,0,"S",4721.04469914147,158.995555187193,44.962330468014,0.35,0.35,1,5.49963660917301,17.6552198290492,94.7249881954659,0,0,0,0,3.77270674566465,1.27072667338202,40.4544592042084,3.70532201541002,1.14332508642101,0,0,396.134208294788,133.426300705112,0.35,0.35,0,0,0,6.12730597130616,5.61324820320998,40.5035679013702,547.46870323673,15.4725761944141,50.1439860711327,0.451977594218831,0.485508454410533,0,47.4576473929773,0.35,0,49.0825148757044,1009.39372637999,5.15366406194896,13.0599500533683,9.79496254002621,1028.47106670275,174.840081339468,534.804954685431,14166.2526446318,706.733130655334,600,251,360
"48","WR-15",3,2024-04-24 17:00:00,19.8,16,0.2952,0,14.9,283,2024-04-24 16:00:00,53,-111.52,"America/Edmonton",-7,4,24,0.5,2024,"STN",0,114,89.66,2024-04-24,2024-04-24 17:00:00,-7,0.311377041532913,5.15462644137711,19.6532002308477,14.4985737894706,5.99232558428315,94.7249881954659,36.5411170297798,108.1699372907,17.6552198290492,39.6210531032216,29.4496732992991,10.8353103705614,6.10609094161105,91.6551950549185,54.4815915120318,31.8079903342976,0.35,94.7249881954659,"O-1a",1,89.66,"STN",0,0,"S",4721.04469914147,158.995555187193,44.962330468014,0.35,0.35,1,5.49963660917301,17.6552198290492,94.7249881954659,0,0,0,0,3.77270674566465,1.27072667338202,43.5349726742659,3.75262689890511,1.23038664647292,0,0,396.134208294788,133.426300705112,0.35,0.35,0,0,0,6.12730597130616,5.96453638034198,40.5035679013702,970.304934264195,27.4227858843046,83.6383296643833,0.451977594218831,0.462101927443607,0,47.4576473929773,0.35,0,49.0825148757044,1514.09058956998,5.15366406194896,29.3848876200786,16.3249375667104,1714.11844450459,291.40013556578,891.341591142385,23610.4210743863,837.924780163087,600,251,360
"49","WR-15",4,2024-04-24 17:00:00,19.8,16,0.2952,0,14.9,283,2024-04-24 16:00:00,53,-111.52,"America/Edmonton",-7,4,24,0.666666666666667,2024,"STN",0,114,89.66,2024-04-24,2024-04-24 17:00:00,-7,0.311377041532913,5.15462644137711,19.6532002308477,14.4985737894706,5.99232558428315,94.7249881954659,36.5411170297798,108.1699372907,17.6552198290492,39.6210531032216,29.4496732992991,10.8353103705614,6.10609094161105,91.6551950549185,54.4815915120318,31.8079903342976,0.35,94.7249881954659,"O-1a",1,89.66,"STN",0,0,"S",4721.04469914147,158.995555187193,44.962330468014,0.35,0.35,1,5.49963660917301,17.6552198290492,94.7249881954659,0,0,0,0,3.77270674566465,1.27072667338202,44.5103765074536,3.76646512585195,1.25795353758485,0,0,396.134208294788,133.426300705112,0.35,0.35,0,0,0,6.12730597130616,6.07576713387011,40.5035679013702,1411.44646648183,39.8903405214993,119.436506948454,0.451977594218831,0.455136724716135,0,47.4576473929773,0.35,0,49.0825148757044,2018.78745275998,5.15366406194896,52.2398002134731,22.8549125933945,2399.76582230642,407.960189792092,1247.87822759934,33054.5895041408,937.37718586443,600,251,360
"50","WR-15",5,2024-04-24 17:00:00,19.8,16,0.2952,0,14.9,283,2024-04-24 16:00:00,53,-111.52,"America/Edmonton",-7,4,24,0.833333333333333,2024,"STN",0,114,89.66,2024-04-24,2024-04-24 17:00:00,-7,0.311377041532913,5.15462644137711,19.6532002308477,14.4985737894706,5.99232558428315,94.7249881954659,36.5411170297798,108.1699372907,17.6552198290492,39.6210531032216,29.4496732992991,10.8353103705614,6.10609094161105,91.6551950549185,54.4815915120318,31.8079903342976,0.35,94.7249881954659,"O-1a",1,89.66,"STN",0,0,"S",4721.04469914147,158.995555187193,44.962330468014,0.35,0.35,1,5.49963660917301,17.6552198290492,94.7249881954659,0,0,0,0,3.77270674566465,1.27072667338202,44.8192252260341,3.77074180958867,1.26668222892836,0,0,396.134208294788,133.426300705112,0.35,0.35,0,0,0,6.12730597130616,6.11098688032286,40.5035679013702,1858.38413013084,52.5217055914628,156.350019493197,0.451977594218831,0.452973302494423,0,47.4576473929773,0.35,0,49.0825148757044,2523.48431594997,5.15366406194896,81.6246878335517,29.3848876200786,3085.41320010825,524.520244018403,1604.41486405629,42498.7579338953,1019.28555400967,600,251,360
"51","WR-15",6,2024-04-24 17:00:00,19.8,16,0.2952,0,14.9,283,2024-04-24 16:00:00,53,-111.52,"America/Edmonton",-7,4,24,1,2024,"STN",0,114,89.66,2024-04-24,2024-04-24 17:00:00,-7,0.311377041532913,5.15462644137711,19.6532002308477,14.4985737894706,5.99232558428315,94.7249881954659,36.5411170297798,108.1699372907,17.6552198290492,39.6210531032216,29.4496732992991,10.8353103705614,6.10609094161105,91.6551950549185,54.4815915120318,31.8079903342976,0.35,94.7249881954659,"O-1a",1,89.66,"STN",0,0,"S",4721.04469914147,158.995555187193,44.962330468014,0.35,0.35,1,5.49963660917301,17.6552198290492,94.7249881954659,0,0,0,0,3.77270674566465,1.27072667338202,44.9170180865123,3.77208570797775,1.26944605355628,0,0,396.134208294788,133.426300705112,0.35,0.35,0,0,0,6.12730597130616,6.122138747058,40.5035679013702,2307.15706211117,65.2049390676489,193.752714467543,0.451977594218831,0.452292414644021,0,47.4576473929773,0.35,0,49.0825148757044,3028.18117913997,5.15366406194896,117.539550480315,35.9148626467628,3771.06057791009,641.080298244716,1960.95150051325,51942.9263636499,1089.79780218494,600,251,360
"52","WR-15",7,2024-04-24 17:00:00,19.8,16,0.2952,0,14.9,283,2024-04-24 16:00:00,53,-111.52,"America/Edmonton",-7,4,24,1.16666666666667,2024,"STN",0,114,89.66,2024-04-24,2024-04-24 17:00:00,-7,0.311377041532913,5.15462644137711,19.6532002308477,14.4985737894706,5.99232558428315,94.7249881954659,36.5411170297798,108.1699372907,17.6552198290492,39.6210531032216,29.4496732992991,10.8353103705614,6.10609094161105,91.6551950549185,54.4815915120318,31.8079903342976,0.35,94.7249881954659,"O-1a",1,89.66,"STN",0,0,"S",4721.04469914147,158.995555187193,44.962330468014,0.35,0.35,1,5.49963660917301,17.6552198290492,94.7249881954659,0,0,0,0,3.77270674566465,1.27072667338202,44.9479829019225,3.77251021565123,1.27032118205759,0,0,396.134208294788,133.426300705112,0.35,0.35,0,0,0,6.12730597130616,6.12566983811357,40.5035679013702,2756.51110752687,77.9045959884142,231.355572404484,0.451977594218831,0.452077232162904,0,47.4576473929773,0.35,0,49.0825148757044,3532.87804232996,5.15366406194896,159.984388153761,42.4448376734469,4456.70795571193,757.640352471028,2317.4881369702,61387.0947934044,1152.2042781522,600,251,360
"53","WR-15",8,2024-04-24 17:00:00,19.8,16,0.2952,0,14.9,283,2024-04-24 16:00:00,53,-111.52,"America/Edmonton",-7,4,24,1.33333333333333,2024,"STN",0,114,89.66,2024-04-24,2024-04-24 17:00:00,-7,0.311377041532913,5.15462644137711,19.6532002308477,14.4985737894706,5.99232558428315,94.7249881954659,36.5411170297798,108.1699372907,17.6552198290492,39.6210531032216,29.4496732992991,10.8353103705614,6.10609094161105,91.6551950549185,54.4815915120318,31.8079903342976,0.35,94.7249881954659,"O-1a",1,89.66,"STN",0,0,"S",4721.04469914147,158.995555187193,44.962330468014,0.35,0.35,1,5.49963660917301,17.6552198290492,94.7249881954659,0,0,0,0,3.77270674566465,1.27072667338202,44.9577875010383,3.77264452839217,1.27059827991904,0,0,396.134208294788,133.426300705112,0.35,0.35,0,0,0,6.12730597130616,6.12678791137778,40.5035679013702,3206.0491548234,90.609453175613,269.036455617872,0.451977594218831,0.452009138668494,0,47.4576473929773,0.35,0,49.0825148757044,4037.57490551996,5.15366406194896,208.959200853892,48.974812700131,5142.35533351376,874.200406697339,2674.02477342715,70831.2632231588,1208.49665414014,600,251,360
"54","WR-15",9,2024-04-24 17:00:00,19.8,16,0.2952,0,14.9,283,2024-04-24 16:00:00,53,-111.52,"America/Edmonton",-7,4,24,1.5,2024,"STN",0,114,89.66,2024-04-24,2024-04-24 17:00:00,-7,0.311377041532913,5.15462644137711,19.6532002308477,14.4985737894706,5.99232558428315,94.7249881954659,36.5411170297798,108.1699372907,17.6552198290492,39.6210531032216,29.4496732992991,10.8353103705614,6.10609094161105,91.6551950549185,54.4815915120318,31.8079903342976,0.35,94.7249881954659,"O-1a",1,89.66,"STN",0,0,"S",4721.04469914147,158.995555187193,44.962330468014,0.35,0.35,1,5.49963660917301,17.6552198290492,94.7249881954659,0,0,0,0,3.77270674566465,1.27072667338202,44.9608919976274,3.77268704652676,1.27068601929069,0,0,396.134208294788,133.426300705112,0.35,0.35,0,0,0,6.12730597130616,6.12714193448409,40.5035679013702,3655.64546388102,103.315956958375,306.746723107852,0.451977594218831,0.451987581891654,0,47.4576473929773,0.35,0,49.0825148757044,4542.27176870995,5.15366406194896,264.463988580708,55.5047877268152,5828.00271131559,990.760460923651,3030.56140988411,80275.4316529133,1259.98296395747,600,251,360
"55","WR-15",10,2024-04-24 17:00:00,19.8,16,0.2952,0,14.9,283,2024-04-24 16:00:00,53,-111.52,"America/Edmonton",-7,4,24,1.66666666666667,2024,"STN",0,114,89.66,2024-04-24,2024-04-24 17:00:00,-7,0.311377041532913,5.15462644137711,19.6532002308477,14.4985737894706,5.99232558428315,94.7249881954659,36.5411170297798,108.1699372907,17.6552198290492,39.6210531032216,29.4496732992991,10.8353103705614,6.10609094161105,91.6551950549185,54.4815915120318,31.8079903342976,0.35,94.7249881954659,"O-1a",1,89.66,"STN",0,0,"S",4721.04469914147,158.995555187193,44.962330468014,0.35,0.35,1,5.49963660917301,17.6552198290492,94.7249881954659,0,0,0,0,3.77270674566465,1.27072667338202,44.961874995398,3.77270050830738,1.27071380080188,0,0,396.134208294788,133.426300705112,0.35,0.35,0,0,0,6.12730597130616,6.12725403121676,40.5035679013702,4105.26022075446,116.022982113837,344.467781273795,0.451977594218831,0.451980756637191,0,47.4576473929773,0.35,0,49.0825148757044,5046.96863189995,5.15366406194896,326.498751334207,62.0347627534993,6513.65008911742,1107.32051514996,3387.09804634106,89719.6000826677,1307.57386923343,600,251,360
"56","WR-15",11,2024-04-24 17:00:00,19.8,16,0.2952,0,14.9,283,2024-04-24 16:00:00,53,-111.52,"America/Edmonton",-7,4,24,1.83333333333333,2024,"STN",0,114,89.66,2024-04-24,2024-04-24 17:00:00,-7,0.311377041532913,5.15462644137711,19.6532002308477,14.4985737894706,5.99232558428315,94.7249881954659,36.5411170297798,108.1699372907,17.6552198290492,39.6210531032216,29.4496732992991,10.8353103705614,6.10609094161105,91.6551950549185,54.4815915120318,31.8079903342976,0.35,94.7249881954659,"O-1a",1,89.66,"STN",0,0,"S",4721.04469914147,158.995555187193,44.962330468014,0.35,0.35,1,5.49963660917301,17.6552198290492,94.7249881954659,0,0,0,0,3.77270674566465,1.27072667338202,44.9621862486363,3.77270477069943,1.27072259744983,0,0,396.134208294788,133.426300705112,0.35,0.35,0,0,0,6.12730597130616,6.12728952516405,40.5035679013702,4554.88081888471,128.730172355067,382.192727469849,0.451977594218831,0.451978595552141,0,47.4576473929773,0.35,0,49.0825148757044,5551.66549508994,5.15366406194896,395.063489114391,68.5647377801836,7199.29746691928,1223.88056937628,3743.63468279803,99163.7685124226,1351.93184352894,600,251,360
"57","WR-15",12,2024-04-24 17:00:00,19.8,16,0.2952,0,14.9,283,2024-04-24 16:00:00,53,-111.52,"America/Edmonton",-7,4,24,2,2024,"STN",0,114,89.66,2024-04-24,2024-04-24 17:00:00,-7,0.311377041532913,5.15462644137711,19.6532002308477,14.4985737894706,5.99232558428315,94.7249881954659,36.5411170297798,108.1699372907,17.6552198290492,39.6210531032216,29.4496732992991,10.8353103705614,6.10609094161105,91.6551950549185,54.4815915120318,31.8079903342976,0.35,94.7249881954659,"O-1a",1,89.66,"STN",0,0,"S",4721.04469914147,158.995555187193,44.962330468014,0.35,0.35,1,5.49963660917301,17.6552198290492,94.7249881954659,0,0,0,0,3.77270674566465,1.27072667338202,44.9622848028562,3.77270612031919,1.27072538279201,0,0,396.134208294788,133.426300705112,0.35,0.35,0,0,0,6.12730597130616,6.12730076385285,40.5035679013702,5004.50326657163,141.43741486852,419.919054063569,0.451977594218831,0.451977911277312,0,47.4576473929773,0.35,0,49.0825148757044,6056.36235827994,5.15366406194896,470.158201921258,75.0947128068676,7884.94484472109,1340.44062360259,4100.17131925497,108607.936942177,1393.55563365461,600,251,360
"58","WR-15",13,2024-04-24 17:00:00,19.8,16,0.2952,0,14.9,283,2024-04-24 16:00:00,53,-111.52,"America/Edmonton",-7,4,24,2.16666666666667,2024,"STN",0,114,89.66,2024-04-24,2024-04-24 17:00:00,-7,0.311377041532913,5.15462644137711,19.6532002308477,14.4985737894706,5.99232558428315,94.7249881954659,36.5411170297798,108.1699372907,17.6552198290492,39.6210531032216,29.4496732992991,10.8353103705614,6.10609094161105,91.6551950549185,54.4815915120318,31.8079903342976,0.35,94.7249881954659,"O-1a",1,89.66,"STN",0,0,"S",4721.04469914147,158.995555187193,44.962330468014,0.35,0.35,1,5.49963660917301,17.6552198290492,94.7249881954659,0,0,0,0,3.77270674566465,1.27072667338202,44.962316008746,3.7727065476574,1.27072626473377,0,0,396.134208294788,133.426300705112,0.35,0.35,0,0,0,6.12730597130616,6.12730432243497,40.5035679013702,5454.12629989621,154.144673933281,457.64586502542,0.451977594218831,0.451977694611154,0,47.4576473929773,0.35,0,49.0825148757044,6561.05922146993,5.15366406194896,551.78288975481,81.6246878335518,8570.59222252294,1457.0006778289,4456.70795571193,118052.105371932,1432.83121920324,600,251,360
"59","WR-15",14,2024-04-24 17:00:00,19.8,16,0.2952,0,14.9,283,2024-04-24 16:00:00,53,-111.52,"America/Edmonton",-7,4,24,2.33333333333333,2024,"STN",0,114,89.66,2024-04-24,2024-04-24 17:00:00,-7,0.311377041532913,5.15462644137711,19.6532002308477,14.4985737894706,5.99232558428315,94.7249881954659,36.5411170297798,108.1699372907,17.6552198290492,39.6210531032216,29.4496732992991,10.8353103705614,6.10609094161105,91.6551950549185,54.4815915120318,31.8079903342976,0.35,94.7249881954659,"O-1a",1,89.66,"STN",0,0,"S",4721.04469914147,158.995555187193,44.962330468014,0.35,0.35,1,5.49963660917301,17.6552198290492,94.7249881954659,0,0,0,0,3.77270674566465,1.27072667338202,44.9623258896781,3.77270668296828,1.27072654398895,0,0,396.134208294788,133.426300705112,0.35,0.35,0,0,0,6.12730597130616,6.12730544921291,40.5035679013702,5903.7495186552,166.851938238796,495.372844328644,0.451977594218831,0.451977626006725,0,47.4576473929773,0.35,0,49.0825148757044,7065.75608465993,5.15366406194896,639.937552615046,88.1546628602359,9256.23960032477,1573.56073205521,4813.24459216888,127496.273801686,1470.06415229099,600,251,360
"60","WR-16",1,2024-04-25 12:00:00,14.6,30,0.7809,0,6.6,271,2024-04-25 11:00:00,53,-111.52,"America/Edmonton",-7,4,25,0.166666666666667,2024,"STN",0,115,89.45,2024-04-25,2024-04-25 12:00:00,-7,0.503673412485276,5.11881021045727,19.6825903906829,14.5637801802257,13.1451373933598,87.8485011419266,38.0641702297798,111.4294372907,4.38715022934806,41.0617346932495,10.6774778812201,1.79869889732773,9.54924282238051,89.5783574821598,13.4036911878448,21.7913278815348,0.35,87.8485011419266,"O-1a",1,89.45,"STN",0,0,"S",877.212797444204,126.386957926405,8.35440759470671,0.35,0.35,1,1.37275579810435,4.38715022934806,87.8485011419266,0,0,0,0,1.95984405155572,3.08979076891273,5.70909496384295,1.69141684920856,2.11144940178698,0,0,205.78362541335,324.428030735836,0.35,0.35,0,0,0,2.91967066321809,2.31183234614497,8.19721522923824,33.8997719136501,12.5374781083709,10.043386169299,1.70893639984831,1.73320407494536,0,179.438321984072,0.35,0,12.0753974665268,165.413576438429,1.26791673398532,0.736034749597836,0.736034749597836,77.2836487077728,13.1382202803214,40.1874973280418,1064.51190348333,391.232334977743,75,401,NA
"61","WR-16",2,2024-04-25 12:00:00,14.6,30,0.7809,0,6.6,271,2024-04-25 11:00:00,53,-111.52,"America/Edmonton",-7,4,25,0.333333333333333,2024,"STN",0,115,89.45,2024-04-25,2024-04-25 12:00:00,-7,0.503673412485276,5.11881021045727,19.6825903906829,14.5637801802257,13.1451373933598,87.8485011419266,38.0641702297798,111.4294372907,4.38715022934806,41.0617346932495,10.6774778812201,1.79869889732773,9.54924282238051,89.5783574821598,13.4036911878448,21.7913278815348,0.35,87.8485011419266,"O-1a",1,89.45,"STN",0,0,"S",877.212797444204,126.386957926405,8.35440759470671,0.35,0.35,1,1.37275579810435,4.38715022934806,87.8485011419266,0,0,0,0,1.95984405155572,3.08979076891273,7.5168043492724,1.88779535120315,2.78001191907614,0,0,205.78362541335,324.428030735836,0.35,0.35,0,0,0,2.91967066321809,2.72720670219526,8.19721522923824,101.724635813505,37.6217986906359,25.5474648093182,1.70893639984831,1.73043088419501,0,179.438321984072,0.35,0,12.0753974665268,330.827152876857,1.26791673398532,2.94413899839134,2.20810424879351,231.850946123318,39.4146608409641,120.562491984126,3193.53571044999,564.254667012014,75,401,NA
"62","WR-16",3,2024-04-25 12:00:00,14.6,30,0.7809,0,6.6,271,2024-04-25 11:00:00,53,-111.52,"America/Edmonton",-7,4,25,0.5,2024,"STN",0,115,89.45,2024-04-25,2024-04-25 12:00:00,-7,0.503673412485276,5.11881021045727,19.6825903906829,14.5637801802257,13.1451373933598,87.8485011419266,38.0641702297798,111.4294372907,4.38715022934806,41.0617346932495,10.6774778812201,1.79869889732773,9.54924282238051,89.5783574821598,13.4036911878448,21.7913278815348,0.35,87.8485011419266,"O-1a",1,89.45,"STN",0,0,"S",877.212797444204,126.386957926405,8.35440759470671,0.35,0.35,1,1.37275579810435,4.38715022934806,87.8485011419266,0,0,0,0,1.95984405155572,3.08979076891273,8.08919160905098,1.93808036363168,2.99170339467851,0,0,205.78362541335,324.428030735836,0.35,0.35,0,0,0,2.91967066321809,2.85872949637793,8.19721522923824,180.291431240758,66.6789109397425,43.1958222163757,1.70893639984831,1.7166605474275,0,179.438321984072,0.35,0,12.0753974665268,496.240729315286,1.26791673398532,6.62431274638052,3.68017374798918,386.418243538864,65.6911014016069,200.937486640209,5322.55951741666,668.997882374101,75,401,NA
"63","WR-16",4,2024-04-25 12:00:00,14.6,30,0.7809,0,6.6,271,2024-04-25 11:00:00,53,-111.52,"America/Edmonton",-7,4,25,0.666666666666667,2024,"STN",0,115,89.45,2024-04-25,2024-04-25 12:00:00,-7,0.503673412485276,5.11881021045727,19.6825903906829,14.5637801802257,13.1451373933598,87.8485011419266,38.0641702297798,111.4294372907,4.38715022934806,41.0617346932495,10.6774778812201,1.79869889732773,9.54924282238051,89.5783574821598,13.4036911878448,21.7913278815348,0.35,87.8485011419266,"O-1a",1,89.45,"STN",0,0,"S",877.212797444204,126.386957926405,8.35440759470671,0.35,0.35,1,1.37275579810435,4.38715022934806,87.8485011419266,0,0,0,0,1.95984405155572,3.08979076891273,8.27043046182099,1.95305181460923,3.05873269961833,0,0,205.78362541335,324.428030735836,0.35,0.35,0,0,0,2.91967066321809,2.90037444902763,8.19721522923824,262.259517163738,96.993955107654,61.9322571249091,1.70893639984831,1.71146312601728,0,179.438321984072,0.35,0,12.0753974665268,661.654305753715,1.26791673398532,11.7765559935654,5.15224324718485,540.985540954409,91.9675419622496,281.312481296293,7451.58332438332,748.400533287777,75,401,NA
"64","WR-16",5,2024-04-25 12:00:00,14.6,30,0.7809,0,6.6,271,2024-04-25 11:00:00,53,-111.52,"America/Edmonton",-7,4,25,0.833333333333333,2024,"STN",0,115,89.45,2024-04-25,2024-04-25 12:00:00,-7,0.503673412485276,5.11881021045727,19.6825903906829,14.5637801802257,13.1451373933598,87.8485011419266,38.0641702297798,111.4294372907,4.38715022934806,41.0617346932495,10.6774778812201,1.79869889732773,9.54924282238051,89.5783574821598,13.4036911878448,21.7913278815348,0.35,87.8485011419266,"O-1a",1,89.45,"STN",0,0,"S",877.212797444204,126.386957926405,8.35440759470671,0.35,0.35,1,1.37275579810435,4.38715022934806,87.8485011419266,0,0,0,0,1.95984405155572,3.08979076891273,8.32781734664806,1.9577031131992,3.0799566421882,0,0,205.78362541335,324.428030735836,0.35,0.35,0,0,0,2.91967066321809,2.91356077229558,8.19721522923824,345.304576721004,127.707306774435,81.1741920733569,1.70893639984831,1.70974425055745,0,179.438321984072,0.35,0,12.0753974665268,827.067882192144,1.26791673398532,18.4008687399459,6.62431274638052,695.552838369955,118.243982522892,361.687475952376,9580.60713134997,813.796051042027,75,401,NA
"65","WR-16",6,2024-04-25 12:00:00,14.6,30,0.7809,0,6.6,271,2024-04-25 11:00:00,53,-111.52,"America/Edmonton",-7,4,25,1,2024,"STN",0,115,89.45,2024-04-25,2024-04-25 12:00:00,-7,0.503673412485276,5.11881021045727,19.6825903906829,14.5637801802257,13.1451373933598,87.8485011419266,38.0641702297798,111.4294372907,4.38715022934806,41.0617346932495,10.6774778812201,1.79869889732773,9.54924282238051,89.5783574821598,13.4036911878448,21.7913278815348,0.35,87.8485011419266,"O-1a",1,89.45,"STN",0,0,"S",877.212797444204,126.386957926405,8.35440759470671,0.35,0.35,1,1.37275579810435,4.38715022934806,87.8485011419266,0,0,0,0,1.95984405155572,3.08979076891273,8.34598814446443,1.95916712182442,3.08667692279701,0,0,205.78362541335,324.428030735836,0.35,0.35,0,0,0,2.91967066321809,2.91773604709513,8.19721522923824,428.690645730538,158.546777240877,100.632376180166,1.70893639984831,1.70919296677592,0,179.438321984072,0.35,0,12.0753974665268,992.481458630572,1.26791673398532,26.4972509855221,8.0963822455762,850.120135785501,144.520423083535,442.062470608461,11709.6309383166,870.092923777446,75,401,NA
"66","WR-16",7,2024-04-25 12:00:00,14.6,30,0.7809,0,6.6,271,2024-04-25 11:00:00,53,-111.52,"America/Edmonton",-7,4,25,1.16666666666667,2024,"STN",0,115,89.45,2024-04-25,2024-04-25 12:00:00,-7,0.503673412485276,5.11881021045727,19.6825903906829,14.5637801802257,13.1451373933598,87.8485011419266,38.0641702297798,111.4294372907,4.38715022934806,41.0617346932495,10.6774778812201,1.79869889732773,9.54924282238051,89.5783574821598,13.4036911878448,21.7913278815348,0.35,87.8485011419266,"O-1a",1,89.45,"STN",0,0,"S",877.212797444204,126.386957926405,8.35440759470671,0.35,0.35,1,1.37275579810435,4.38715022934806,87.8485011419266,0,0,0,0,1.95984405155572,3.08979076891273,8.35174168718204,1.95962980778777,3.0888048107383,0,0,205.78362541335,324.428030735836,0.35,0.35,0,0,0,2.91967066321809,2.91905809261893,8.19721522923824,512.184690871365,189.426181556601,120.177613834073,1.70893639984831,1.70901771542659,0,179.438321984072,0.35,0,12.0753974665268,1157.895035069,1.26791673398532,36.065702730294,9.56845174477187,1004.68743320105,170.796863644178,522.437465264544,13838.6547452833,919.918160191154,75,401,NA
"67","WR-16",8,2024-04-25 12:00:00,14.6,30,0.7809,0,6.6,271,2024-04-25 11:00:00,53,-111.52,"America/Edmonton",-7,4,25,1.33333333333333,2024,"STN",0,115,89.45,2024-04-25,2024-04-25 12:00:00,-7,0.503673412485276,5.11881021045727,19.6825903906829,14.5637801802257,13.1451373933598,87.8485011419266,38.0641702297798,111.4294372907,4.38715022934806,41.0617346932495,10.6774778812201,1.79869889732773,9.54924282238051,89.5783574821598,13.4036911878448,21.7913278815348,0.35,87.8485011419266,"O-1a",1,89.45,"STN",0,0,"S",877.212797444204,126.386957926405,8.35440759470671,0.35,0.35,1,1.37275579810435,4.38715022934806,87.8485011419266,0,0,0,0,1.95984405155572,3.08979076891273,8.35356347036063,1.95977622382803,3.08947857830163,0,0,205.78362541335,324.428030735836,0.35,0.35,0,0,0,2.91967066321809,2.91947670084256,8.19721522923824,595.712925225574,220.318230397352,139.756408295264,1.70893639984831,1.70896215506586,0,179.438321984072,0.35,0,12.0753974665268,1323.30861150743,1.26791673398532,47.1062239742615,11.0405212439675,1159.25473061659,197.073304204821,602.812459920627,15967.67855225,964.861908390613,75,401,NA
"68","WR-16",9,2024-04-25 12:00:00,14.6,30,0.7809,0,6.6,271,2024-04-25 11:00:00,53,-111.52,"America/Edmonton",-7,4,25,1.5,2024,"STN",0,115,89.45,2024-04-25,2024-04-25 12:00:00,-7,0.503673412485276,5.11881021045727,19.6825903906829,14.5637801802257,13.1451373933598,87.8485011419266,38.0641702297798,111.4294372907,4.38715022934806,41.0617346932495,10.6774778812201,1.79869889732773,9.54924282238051,89.5783574821598,13.4036911878448,21.7913278815348,0.35,87.8485011419266,"O-1a",1,89.45,"STN",0,0,"S",877.212797444204,126.386957926405,8.35440759470671,0.35,0.35,1,1.37275579810435,4.38715022934806,87.8485011419266,0,0,0,0,1.95984405155572,3.08979076891273,8.35414031390081,1.95982257577817,3.0896919178862,0,0,205.78362541335,324.428030735836,0.35,0.35,0,0,0,2.91967066321809,2.91960924759812,8.19721522923824,679.251985141857,251.214282959657,159.347739576278,1.70893639984831,1.70894455567043,0,179.438321984072,0.35,0,12.0753974665268,1488.72218794586,1.26791673398532,59.6188147174247,12.5125907431632,1313.82202803214,223.349744765463,683.187454576711,18096.7023592166,1005.96850059851,75,401,NA
"69","WR-16",10,2024-04-25 12:00:00,14.6,30,0.7809,0,6.6,271,2024-04-25 11:00:00,53,-111.52,"America/Edmonton",-7,4,25,1.66666666666667,2024,"STN",0,115,89.45,2024-04-25,2024-04-25 12:00:00,-7,0.503673412485276,5.11881021045727,19.6825903906829,14.5637801802257,13.1451373933598,87.8485011419266,38.0641702297798,111.4294372907,4.38715022934806,41.0617346932495,10.6774778812201,1.79869889732773,9.54924282238051,89.5783574821598,13.4036911878448,21.7913278815348,0.35,87.8485011419266,"O-1a",1,89.45,"STN",0,0,"S",877.212797444204,126.386957926405,8.35440759470671,0.35,0.35,1,1.37275579810435,4.38715022934806,87.8485011419266,0,0,0,0,1.95984405155572,3.08979076891273,8.35432296377581,1.95983725163264,3.08975946904304,0,0,205.78362541335,324.428030735836,0.35,0.35,0,0,0,2.91967066321809,2.9196512167746,8.19721522923824,762.794472829142,282.11160324742,178.943647459181,1.70893639984831,1.70893898235899,0,179.438321984072,0.35,0,12.0753974665268,1654.13576438429,1.26791673398532,73.6034749597836,13.9846602423589,1468.38932544768,249.626185326106,763.562449232795,20225.7261661833,1043.96500768795,75,401,NA
"70","WR-16",11,2024-04-25 12:00:00,14.6,30,0.7809,0,6.6,271,2024-04-25 11:00:00,53,-111.52,"America/Edmonton",-7,4,25,1.83333333333333,2024,"STN",0,115,89.45,2024-04-25,2024-04-25 12:00:00,-7,0.503673412485276,5.11881021045727,19.6825903906829,14.5637801802257,13.1451373933598,87.8485011419266,38.0641702297798,111.4294372907,4.38715022934806,41.0617346932495,10.6774778812201,1.79869889732773,9.54924282238051,89.5783574821598,13.4036911878448,21.7913278815348,0.35,87.8485011419266,"O-1a",1,89.45,"STN",0,0,"S",877.212797444204,126.386957926405,8.35440759470671,0.35,0.35,1,1.37275579810435,4.38715022934806,87.8485011419266,0,0,0,0,1.95984405155572,3.08979076891273,8.35438079744216,1.95984189845984,3.0897808582231,0,0,205.78362541335,324.428030735836,0.35,0.35,0,0,0,2.91967066321809,2.91966450575905,8.19721522923824,846.338045874762,313.009324943677,198.541196862109,1.70893639984831,1.70893721757392,0,179.438321984072,0.35,0,12.0753974665268,1819.54934082272,1.26791673398532,89.0602047013382,15.4567297415546,1622.95662286323,275.902625886749,843.93744388888,22354.74997315,1079.38034755213,75,401,NA
