"","FireName","TimeStep","time","temp","rh","isol","prec","ws","wd","timemst","lat","long","tz_loc","utc","mon","day","hr","yr","id","minute","julian","percent_cured","date","timestamp","timezone","solrad","sunrise","sunset","sunlight_hours","mcffmc","ffmc","dmc","dc","isi","bui","fwi","dsr","mcgfmc","gfmc","gsi","gfwi","grass_fuel_load","FFMC_FBP92","fueltype","Accel","cc","ID","CFB","CFC","FD","HFI","RAZ","ROS","SFC","TFC","BE","SF","ISI","FFMC","FMC","D0","RSO","CSI","FROS","BROS","HROSt","FROSt","BROSt","FCFB","BCFB","FFI","BFI","FTFC","BTFC","TI","FTI","BTI","LB","LBt","WSV","DH","DB","DF","TROS","TROSt","TCFB","TFI","TTFC","TTI","mgROS","DT","mgHFI","A","deltaA","MW","MWfrp","MWconv","Bflux","zHfluxm","ReportedFinalArea","TimetoFirstWarning","TimetoFirstAlert"
"1","WR-01",1,2024-04-03 10:00:00,8.5,67,0.2701,0,31.2,322,2024-04-03 10:00:00,53,-111.52,"America/Edmonton",-7,4,3,0.166666666666667,2024,"STN",0,93,92.7,2024-04-03,2024-04-03 10:00:00,-7,0.290036173928403,5.9581659789123,19.0361365924071,13.0779706134948,17.2234920572348,84.1953897898862,10.65432768,25.5914999999998,9.08968272532061,10.6353764581328,9.6227092415439,1.49625369969841,18.5407833020248,81.8944435372059,27.3916379308023,26.8963825315683,0.35,84.1953897898862,"O-1a",1,92.7,"STN",0,0,"S",2385.73738724156,151.649249278358,22.7213084499196,0.35,0.35,1,2.11053016646178,9.08968272532061,84.1953897898862,0,0,0,0,1.86950459675193,0.174808444664822,15.5269067462721,1.73799626270736,0.119457663485976,0,0,196.297982658952,18.3548866898063,0.35,0.35,0,0,0,6.12357865671048,4.5012652631902,40.4504856700197,92.1965040968302,0.709322155465822,10.3199679223582,0.869090714261001,1.08212885268351,0,91.2545249974051,0.35,0,24.677151289011,248.670071877194,2.59110088534616,0.793106703172999,0.793106703172999,83.2762038331648,14.156954651638,43.3036259932457,1161.31566617395,239.974139466203,1,NA,NA
"2","WR-07",1,2024-04-10 22:00:00,3,41,0,0,5.8,344,2024-04-10 22:00:00,53,-111.52,"America/Edmonton",-7,4,10,0.166666666666667,2024,"STN",0,100,92,2024-04-10,2024-04-10 22:00:00,-7,3.8095025618869e-17,5.68194268023145,19.2416079903926,13.5596653101612,11.4370871280194,89.4342348970046,18.7148058,55.1474999999997,5.29085105682519,20.2497605039458,8.39015375087574,1.17392854077743,14.8944163593163,85.5360487810913,5.23931050597743,15.0817548532687,0.35,89.4342348970046,"O-1a",1,92,"STN",0,0,"S",1190.92300110773,167.356627484017,11.3421238200736,0.35,0.35,1,1.1080808910455,5.29085105682519,89.4342348970046,0,0,0,0,2.90762014546879,4.75137222402349,7.7507903757883,2.4906214223809,3.24691307289132,0,0,305.300115274223,498.894083522466,0.35,0.35,0,0,0,2.76746879560197,2.20782318618428,7.30392217413899,46.0230610199683,19.2796955194408,14.7889461774043,0.474859229704327,0.529720404885514,0,49.8602191189544,0.35,0,4.72009955493462,66.9741441022214,0.495610453268135,0.127297974407147,0.127297974407147,13.3662873127504,2.27226884316758,6.95046940263023,190.11197540159,230.016879004443,0.28,86,112
"3","WR-08",1,2024-04-10 09:00:00,6.4,45,0.4219,0,28.8,312,2024-04-10 09:00:00,53,-111.52,"America/Edmonton",-7,4,10,0.166666666666667,2024,"STN",0,100,92,2024-04-10,2024-04-10 09:00:00,-7,0.295029729576605,5.68194268023145,19.2416079903926,13.5596653101612,15.1697769783113,86.0120400219191,17.4366408,51.9554999999994,10.3433447142365,18.9629904439047,14.0623693753516,2.92841384463361,17.4782214255615,82.6660652316504,30.2577338831608,27.6071970712157,0.35,86.0120400219191,"O-1a",1,92,"STN",0,0,"S",2740.17760100067,146.099298929018,26.0969295333397,0.35,0.35,1,2.32026313154781,10.3433447142365,86.0120400219191,0,0,0,0,2.20722723459398,0.281932660117626,17.8336820751902,2.04839303738224,0.192662413435538,0,0,231.758859632368,29.6029293123508,0.35,0.35,0,0,0,5.97556558292236,4.40011857091222,38.3726919638575,105.893799027395,1.14400126695419,12.1630586277768,0.362574885506807,0.459836960898766,0,38.0703629782147,0.35,0,27.2592197145593,275.537089308879,2.86221807002872,0.997863177393484,0.997863177393484,104.775633626316,17.8118577164737,54.4833294856842,1472.11473072076,266.736390319114,150,309,338
"4","WR-08",2,2024-04-10 09:00:00,6.4,45,0.4219,0,28.8,312,2024-04-10 09:00:00,53,-111.52,"America/Edmonton",-7,4,10,0.333333333333333,2024,"STN",0,100,92,2024-04-10,2024-04-10 09:00:00,-7,0.295029729576605,5.68194268023145,19.2416079903926,13.5596653101612,15.1697769783113,86.0120400219191,17.4366408,51.9554999999994,10.3433447142365,18.9629904439047,14.0623693753516,2.92841384463361,17.4782214255615,82.6660652316504,30.2577338831608,27.6071970712157,0.35,86.0120400219191,"O-1a",1,92,"STN",0,0,"S",2740.17760100067,146.099298929018,26.0969295333397,0.35,0.35,1,2.32026313154781,10.3433447142365,86.0120400219191,0,0,0,0,2.20722723459398,0.281932660117626,23.4804815536116,2.16682093215639,0.253666417606539,0,0,231.758859632368,29.6029293123508,0.35,0.35,0,0,0,5.97556558292236,5.47672113071159,38.3726919638575,317.760490200606,3.43285826664349,29.3235076975261,0.362574885506807,0.38890413466122,0,38.0703629782147,0.35,0,27.2592197145593,551.074178617758,2.86221807002872,3.99145270957393,2.99358953218045,314.326900878947,53.4355731494211,163.449988457053,4416.34419216229,384.700444323092,150,309,338
"5","WR-08",3,2024-04-10 09:00:00,6.4,45,0.4219,0,28.8,312,2024-04-10 09:00:00,53,-111.52,"America/Edmonton",-7,4,10,0.5,2024,"STN",0,100,92,2024-04-10,2024-04-10 09:00:00,-7,0.295029729576605,5.68194268023145,19.2416079903926,13.5596653101612,15.1697769783113,86.0120400219191,17.4366408,51.9554999999994,10.3433447142365,18.9629904439047,14.0623693753516,2.92841384463361,17.4782214255615,82.6660652316504,30.2577338831608,27.6071970712157,0.35,86.0120400219191,"O-1a",1,92,"STN",0,0,"S",2740.17760100067,146.099298929018,26.0969295333397,0.35,0.35,1,2.32026313154781,10.3433447142365,86.0120400219191,0,0,0,0,2.20722723459398,0.281932660117626,25.2684658977902,2.19518280466309,0.272982528406431,0,0,231.758859632368,29.6029293123508,0.35,0.35,0,0,0,5.97556558292236,5.81761308715168,38.3726919638575,563.182095584624,6.08421868695113,48.9261064412149,0.362574885506807,0.370537102132592,0,38.0703629782147,0.35,0,27.2592197145593,826.611267926636,2.86221807002872,8.98076859654135,4.98931588696742,523.878168131579,89.0592885823684,272.416647428421,7360.57365360381,456.112811549052,150,309,338
"6","WR-08",4,2024-04-10 09:00:00,6.4,45,0.4219,0,28.8,312,2024-04-10 09:00:00,53,-111.52,"America/Edmonton",-7,4,10,0.666666666666667,2024,"STN",0,100,92,2024-04-10,2024-04-10 09:00:00,-7,0.295029729576605,5.68194268023145,19.2416079903926,13.5596653101612,15.1697769783113,86.0120400219191,17.4366408,51.9554999999994,10.3433447142365,18.9629904439047,14.0623693753516,2.92841384463361,17.4782214255615,82.6660652316504,30.2577338831608,27.6071970712157,0.35,86.0120400219191,"O-1a",1,92,"STN",0,0,"S",2740.17760100067,146.099298929018,26.0969295333397,0.35,0.35,1,2.32026313154781,10.3433447142365,86.0120400219191,0,0,0,0,2.20722723459398,0.281932660117626,25.8346074842313,2.20348299514468,0.279098719327076,0,0,231.758859632368,29.6029293123508,0.35,0.35,0,0,0,5.97556558292236,5.92555201494617,38.3726919638575,819.228420601142,8.85036101925221,69.8735560443744,0.362574885506807,0.365060472136994,0,38.0703629782147,0.35,0,27.2592197145593,1102.14835723552,2.86221807002872,15.9658108382957,6.98504224175439,733.42943538421,124.683004015316,381.383306399789,10304.8031150453,510.248358621581,150,309,338
"7","WR-08",5,2024-04-10 09:00:00,6.4,45,0.4219,0,28.8,312,2024-04-10 09:00:00,53,-111.52,"America/Edmonton",-7,4,10,0.833333333333333,2024,"STN",0,100,92,2024-04-10,2024-04-10 09:00:00,-7,0.295029729576605,5.68194268023145,19.2416079903926,13.5596653101612,15.1697769783113,86.0120400219191,17.4366408,51.9554999999994,10.3433447142365,18.9629904439047,14.0623693753516,2.92841384463361,17.4782214255615,82.6660652316504,30.2577338831608,27.6071970712157,0.35,86.0120400219191,"O-1a",1,92,"STN",0,0,"S",2740.17760100067,146.099298929018,26.0969295333397,0.35,0.35,1,2.32026313154781,10.3433447142365,86.0120400219191,0,0,0,0,2.20722723459398,0.281932660117626,26.0138687271731,2.20604846959857,0.281035330261095,0,0,231.758859632368,29.6029293123508,0.35,0.35,0,0,0,5.97556558292236,5.95972944833326,38.3726919638575,1078.63892251765,11.6528475253501,91.4715826863519,0.362574885506807,0.363358410836891,0,38.0703629782147,0.35,0,27.2592197145593,1377.68544654439,2.86221807002872,24.9465794348371,8.98076859654136,942.980702636842,160.306719448263,490.349965371158,13249.0325764869,554.834050522048,150,309,338
"8","WR-08",6,2024-04-10 09:00:00,6.4,45,0.4219,0,28.8,312,2024-04-10 09:00:00,53,-111.52,"America/Edmonton",-7,4,10,1,2024,"STN",0,100,92,2024-04-10,2024-04-10 09:00:00,-7,0.295029729576605,5.68194268023145,19.2416079903926,13.5596653101612,15.1697769783113,86.0120400219191,17.4366408,51.9554999999994,10.3433447142365,18.9629904439047,14.0623693753516,2.92841384463361,17.4782214255615,82.6660652316504,30.2577338831608,27.6071970712157,0.35,86.0120400219191,"O-1a",1,92,"STN",0,0,"S",2740.17760100067,146.099298929018,26.0969295333397,0.35,0.35,1,2.32026313154781,10.3433447142365,86.0120400219191,0,0,0,0,2.20722723459398,0.281932660117626,26.0706294280131,2.20685467076509,0.281648532490787,0,0,231.758859632368,29.6029293123508,0.35,0.35,0,0,0,5.97556558292236,5.97055128042661,38.3726919638575,1339.1146465394,14.4668419332247,113.354816406158,0.362574885506807,0.362822629150409,0,38.0703629782147,0.35,0,27.2592197145593,1653.22253585327,2.86221807002872,35.9230743861654,10.9764949513283,1152.53196988947,195.93043488121,599.316624342526,16193.2620379284,593.216421500036,150,309,338
"9","WR-08",7,2024-04-10 09:00:00,6.4,45,0.4219,0,28.8,312,2024-04-10 09:00:00,53,-111.52,"America/Edmonton",-7,4,10,1.16666666666667,2024,"STN",0,100,92,2024-04-10,2024-04-10 09:00:00,-7,0.295029729576605,5.68194268023145,19.2416079903926,13.5596653101612,15.1697769783113,86.0120400219191,17.4366408,51.9554999999994,10.3433447142365,18.9629904439047,14.0623693753516,2.92841384463361,17.4782214255615,82.6660652316504,30.2577338831608,27.6071970712157,0.35,86.0120400219191,"O-1a",1,92,"STN",0,0,"S",2740.17760100067,146.099298929018,26.0969295333397,0.35,0.35,1,2.32026313154781,10.3433447142365,86.0120400219191,0,0,0,0,2.20722723459398,0.281932660117626,26.0886019529548,2.20710933485126,0.281842694863773,0,0,231.758859632368,29.6029293123508,0.35,0.35,0,0,0,5.97556558292236,5.97397787037942,38.3726919638575,1599.92765904722,17.2844801659402,135.354714589062,0.362574885506807,0.362653295294796,0,38.0703629782147,0.35,0,27.2592197145593,1928.75962516215,2.86221807002872,48.8952956922807,12.9722213061153,1362.08323714211,231.554150314158,708.283283313895,19137.4914993699,627.186527034757,150,309,338
"10","WR-08",8,2024-04-10 09:00:00,6.4,45,0.4219,0,28.8,312,2024-04-10 09:00:00,53,-111.52,"America/Edmonton",-7,4,10,1.33333333333333,2024,"STN",0,100,92,2024-04-10,2024-04-10 09:00:00,-7,0.295029729576605,5.68194268023145,19.2416079903926,13.5596653101612,15.1697769783113,86.0120400219191,17.4366408,51.9554999999994,10.3433447142365,18.9629904439047,14.0623693753516,2.92841384463361,17.4782214255615,82.6660652316504,30.2577338831608,27.6071970712157,0.35,86.0120400219191,"O-1a",1,92,"STN",0,0,"S",2740.17760100067,146.099298929018,26.0969295333397,0.35,0.35,1,2.32026313154781,10.3433447142365,86.0120400219191,0,0,0,0,2.20722723459398,0.281932660117626,26.0942927151899,2.20718990997917,0.28190417381029,0,0,231.758859632368,29.6029293123508,0.35,0.35,0,0,0,5.97556558292236,5.97506285475206,38.3726919638575,1860.84746949161,20.1032721675815,157.400079914075,0.362574885506807,0.36259970942572,0,38.0703629782147,0.35,0,27.2592197145593,2204.29671447103,2.86221807002872,63.863243353183,14.9679476609023,1571.63450439474,267.177865747105,817.249942285263,22081.7209608114,657.828506468325,150,309,338
"11","WR-08",9,2024-04-10 09:00:00,6.4,45,0.4219,0,28.8,312,2024-04-10 09:00:00,53,-111.52,"America/Edmonton",-7,4,10,1.5,2024,"STN",0,100,92,2024-04-10,2024-04-10 09:00:00,-7,0.295029729576605,5.68194268023145,19.2416079903926,13.5596653101612,15.1697769783113,86.0120400219191,17.4366408,51.9554999999994,10.3433447142365,18.9629904439047,14.0623693753516,2.92841384463361,17.4782214255615,82.6660652316504,30.2577338831608,27.6071970712157,0.35,86.0120400219191,"O-1a",1,92,"STN",0,0,"S",2740.17760100067,146.099298929018,26.0969295333397,0.35,0.35,1,2.32026313154781,10.3433447142365,86.0120400219191,0,0,0,0,2.20722723459398,0.281932660117626,26.0960946197593,2.207215416928,0.2819236403053,0,0,231.758859632368,29.6029293123508,0.35,0.35,0,0,0,5.97556558292236,5.97540640069864,38.3726919638575,2121.80109608962,22.9224294948881,179.462565536442,0.362574885506807,0.362582745321144,0,38.0703629782147,0.35,0,27.2592197145593,2479.83380377991,2.86221807002872,80.8269173688722,16.9636740156892,1781.18577164737,302.801581180053,926.216601256632,25025.950422253,685.854369986168,150,309,338
"12","WR-08",10,2024-04-10 09:00:00,6.4,45,0.4219,0,28.8,312,2024-04-10 09:00:00,53,-111.52,"America/Edmonton",-7,4,10,1.66666666666667,2024,"STN",0,100,92,2024-04-10,2024-04-10 09:00:00,-7,0.295029729576605,5.68194268023145,19.2416079903926,13.5596653101612,15.1697769783113,86.0120400219191,17.4366408,51.9554999999994,10.3433447142365,18.9629904439047,14.0623693753516,2.92841384463361,17.4782214255615,82.6660652316504,30.2577338831608,27.6071970712157,0.35,86.0120400219191,"O-1a",1,92,"STN",0,0,"S",2740.17760100067,146.099298929018,26.0969295333397,0.35,0.35,1,2.32026313154781,10.3433447142365,86.0120400219191,0,0,0,0,2.20722723459398,0.281932660117626,26.0966651690009,2.20722349275452,0.281929804113391,0,0,231.758859632368,29.6029293123508,0.35,0.35,0,0,0,5.97556558292236,5.9755151799773,38.3726919638575,2382.76543012527,25.7417024977331,201.531337473077,0.362574885506807,0.362577374177822,0,38.0703629782147,0.35,0,27.2592197145593,2755.37089308879,2.86221807002872,99.7863177393484,18.9594003704762,1990.7370389,338.425296613,1035.183260228,27970.1798836945,711.759823701665,150,309,338
"13","WR-08",11,2024-04-10 09:00:00,6.4,45,0.4219,0,28.8,312,2024-04-10 09:00:00,53,-111.52,"America/Edmonton",-7,4,10,1.83333333333333,2024,"STN",0,100,92,2024-04-10,2024-04-10 09:00:00,-7,0.295029729576605,5.68194268023145,19.2416079903926,13.5596653101612,15.1697769783113,86.0120400219191,17.4366408,51.9554999999994,10.3433447142365,18.9629904439047,14.0623693753516,2.92841384463361,17.4782214255615,82.6660652316504,30.2577338831608,27.6071970712157,0.35,86.0120400219191,"O-1a",1,92,"STN",0,0,"S",2740.17760100067,146.099298929018,26.0969295333397,0.35,0.35,1,2.32026313154781,10.3433447142365,86.0120400219191,0,0,0,0,2.20722723459398,0.281932660117626,26.0968458258695,2.20722604979685,0.281931755801672,0,0,231.758859632368,29.6029293123508,0.35,0.35,0,0,0,5.97556558292236,5.97554962349667,38.3726919638575,2643.73315452937,28.561012127707,223.602374261043,0.362574885506807,0.362575673508028,0,38.0703629782147,0.35,0,27.2592197145593,3030.90798239767,2.86221807002872,120.741444464612,20.9551267252632,2200.28830615263,374.049012045948,1144.14991919937,30914.409345136,735.905475972035,150,309,338
"14","WR-08",12,2024-04-10 09:00:00,6.4,45,0.4219,0,28.8,312,2024-04-10 09:00:00,53,-111.52,"America/Edmonton",-7,4,10,2,2024,"STN",0,100,92,2024-04-10,2024-04-10 09:00:00,-7,0.295029729576605,5.68194268023145,19.2416079903926,13.5596653101612,15.1697769783113,86.0120400219191,17.4366408,51.9554999999994,10.3433447142365,18.9629904439047,14.0623693753516,2.92841384463361,17.4782214255615,82.6660652316504,30.2577338831608,27.6071970712157,0.35,86.0120400219191,"O-1a",1,92,"STN",0,0,"S",2740.17760100067,146.099298929018,26.0969295333397,0.35,0.35,1,2.32026313154781,10.3433447142365,86.0120400219191,0,0,0,0,2.20722723459398,0.281932660117626,26.0969030284768,2.20722685944433,0.281932373777944,0,0,231.758859632368,29.6029293123508,0.35,0.35,0,0,0,5.97556558292236,5.97556052958137,38.3726919638575,2904.70195244879,31.3803333551765,245.674215102434,0.362574885506807,0.362575135016613,0,38.0703629782147,0.35,0,27.2592197145593,3306.44507170655,2.86221807002872,143.692297544662,22.9508530800501,2409.83957340526,409.672727478894,1253.11657817074,33858.6388065775,758.562812753328,150,309,338
"15","WR-08",13,2024-04-10 09:00:00,6.4,45,0.4219,0,28.8,312,2024-04-10 09:00:00,53,-111.52,"America/Edmonton",-7,4,10,2.16666666666667,2024,"STN",0,100,92,2024-04-10,2024-04-10 09:00:00,-7,0.295029729576605,5.68194268023145,19.2416079903926,13.5596653101612,15.1697769783113,86.0120400219191,17.4366408,51.9554999999994,10.3433447142365,18.9629904439047,14.0623693753516,2.92841384463361,17.4782214255615,82.6660652316504,30.2577338831608,27.6071970712157,0.35,86.0120400219191,"O-1a",1,92,"STN",0,0,"S",2740.17760100067,146.099298929018,26.0969295333397,0.35,0.35,1,2.32026313154781,10.3433447142365,86.0120400219191,0,0,0,0,2.20722723459398,0.281932660117626,26.0969211409255,2.20722711580787,0.281932569451954,0,0,231.758859632368,29.6029293123508,0.35,0.35,0,0,0,5.97556558292236,5.97556398284879,38.3726919638575,3165.67109028264,34.1996582548396,267.74633806297,0.362574885506807,0.362574964510751,0,38.0703629782147,0.35,0,27.2592197145593,3581.98216101542,2.86221807002872,168.638876979499,24.9465794348371,2619.39084065789,445.296442911842,1362.0832371421,36802.8682680191,779.94193671996,150,309,338
"16","WR-09",1,2024-04-11 10:00:00,10.2,26,0.5484,0,15.7,183,2024-04-11 10:00:00,53,-111.52,"America/Edmonton",-7,4,11,0.166666666666667,2024,"STN",0,101,91.85,2024-04-11,2024-04-11 10:00:00,-7,0.455834246302789,5.64299324847695,19.2709679507927,13.6279747023157,13.8833329048791,87.1735717314775,19.0419672,56.0384999999997,6.30126009727026,20.5914335811889,9.83317600260598,1.55466546858148,12.2284482823057,87.4147042759694,30.3672499742383,27.6330035488275,0.35,87.1735717314775,"O-1a",1,91.85,"STN",0,0,"S",1483.73106437712,15.7158015211257,14.1307720416869,0.35,0.35,1,2.32876391005762,6.30126009727026,87.1735717314775,0,0,0,0,4.94891585698825,4.08952396654046,9.65645003357529,3.95373514711668,2.79463030947688,0,0,519.636164983767,429.400016486748,0.35,0.35,0,0,0,1.84083711814365,1.57459716948065,3.03350996435022,57.338589690127,16.5941065395187,23.4767017439867,1.23226008911223,1.23976510511694,0,129.387309356785,0.35,0,27.3578828596742,352.754062121412,2.87257770026579,5.30907139578136,5.30907139578136,557.452496557042,94.7669244146972,289.875298209662,7727.20404056763,567.46636105986,250,140,158
"17","WR-09",2,2024-04-11 10:00:00,10.2,26,0.5484,0,15.7,183,2024-04-11 10:00:00,53,-111.52,"America/Edmonton",-7,4,11,0.333333333333333,2024,"STN",0,101,91.85,2024-04-11,2024-04-11 10:00:00,-7,0.455834246302789,5.64299324847695,19.2709679507927,13.6279747023157,13.8833329048791,87.1735717314775,19.0419672,56.0384999999997,6.30126009727026,20.5914335811889,9.83317600260598,1.55466546858148,12.2284482823057,87.4147042759694,30.3672499742383,27.6330035488275,0.35,87.1735717314775,"O-1a",1,91.85,"STN",0,0,"S",1483.73106437712,15.7158015211257,14.1307720416869,0.35,0.35,1,2.32876391005762,6.30126009727026,87.1735717314775,0,0,0,0,4.94891585698825,4.08952396654046,12.7140371758768,4.66644362241023,3.67951302227842,0,0,519.636164983767,429.400016486748,0.35,0.35,0,0,0,1.84083711814365,1.75653576091935,3.03350996435022,172.058595826113,49.7947139196925,63.1508093036744,1.23226008911223,1.24113105064592,0,129.387309356785,0.35,0,27.3578828596742,705.508124242824,2.87257770026579,21.2362855831254,15.9272141873441,1672.35748967113,284.300773244092,869.625894628986,23181.6121217029,818.428115402492,250,140,158
"18","WR-09",3,2024-04-11 10:00:00,10.2,26,0.5484,0,15.7,183,2024-04-11 10:00:00,53,-111.52,"America/Edmonton",-7,4,11,0.5,2024,"STN",0,101,91.85,2024-04-11,2024-04-11 10:00:00,-7,0.455834246302789,5.64299324847695,19.2709679507927,13.6279747023157,13.8833329048791,87.1735717314775,19.0419672,56.0384999999997,6.30126009727026,20.5914335811889,9.83317600260598,1.55466546858148,12.2284482823057,87.4147042759694,30.3672499742383,27.6330035488275,0.35,87.1735717314775,"O-1a",1,91.85,"STN",0,0,"S",1483.73106437712,15.7158015211257,14.1307720416869,0.35,0.35,1,2.32876391005762,6.30126009727026,87.1735717314775,0,0,0,0,4.94891585698825,4.08952396654046,13.6821816907101,4.86231497790439,3.95969942573927,0,0,519.636164983767,429.400016486748,0.35,0.35,0,0,0,1.84083711814365,1.81414420873788,3.03350996435022,304.947668287909,88.2535500767418,108.370992909711,1.23226008911223,1.23552055119039,0,129.387309356785,0.35,0,27.3578828596742,1058.26218636424,2.87257770026579,47.7816425620322,26.5453569789068,2787.26248278521,473.834622073486,1449.37649104831,38636.0202028382,970.353827960515,250,140,158
"19","WR-09",4,2024-04-11 10:00:00,10.2,26,0.5484,0,15.7,183,2024-04-11 10:00:00,53,-111.52,"America/Edmonton",-7,4,11,0.666666666666667,2024,"STN",0,101,91.85,2024-04-11,2024-04-11 10:00:00,-7,0.455834246302789,5.64299324847695,19.2709679507927,13.6279747023157,13.8833329048791,87.1735717314775,19.0419672,56.0384999999997,6.30126009727026,20.5914335811889,9.83317600260598,1.55466546858148,12.2284482823057,87.4147042759694,30.3672499742383,27.6330035488275,0.35,87.1735717314775,"O-1a",1,91.85,"STN",0,0,"S",1483.73106437712,15.7158015211257,14.1307720416869,0.35,0.35,1,2.32876391005762,6.30126009727026,87.1735717314775,0,0,0,0,4.94891585698825,4.08952396654046,13.988731842179,4.92176780408297,4.04841674335505,0,0,519.636164983767,429.400016486748,0.35,0.35,0,0,0,1.84083711814365,1.83238516154408,3.03350996435022,443.589735213745,128.377334806357,156.071736997185,1.23226008911223,1.23333303800377,0,129.387309356785,0.35,0,27.3578828596742,1411.01624848565,2.87257770026579,84.9451423325017,37.1634997704695,3902.1674758993,663.36847090288,2029.12708746763,54090.4282839734,1085.52409724578,250,140,158
"20","WR-09",5,2024-04-11 10:00:00,10.2,26,0.5484,0,15.7,183,2024-04-11 10:00:00,53,-111.52,"America/Edmonton",-7,4,11,0.833333333333333,2024,"STN",0,101,91.85,2024-04-11,2024-04-11 10:00:00,-7,0.455834246302789,5.64299324847695,19.2709679507927,13.6279747023157,13.8833329048791,87.1735717314775,19.0419672,56.0384999999997,6.30126009727026,20.5914335811889,9.83317600260598,1.55466546858148,12.2284482823057,87.4147042759694,30.3672499742383,27.6330035488275,0.35,87.1735717314775,"O-1a",1,91.85,"STN",0,0,"S",1483.73106437712,15.7158015211257,14.1307720416869,0.35,0.35,1,2.32876391005762,6.30126009727026,87.1735717314775,0,0,0,0,4.94891585698825,4.08952396654046,14.0857968917927,4.94034679527027,4.07650790819289,0,0,519.636164983767,429.400016486748,0.35,0.35,0,0,0,1.84083711814365,1.83816091791103,3.03350996435022,584.053411720928,169.028303473172,204.846514757244,1.23226008911223,1.23260375419994,0,129.387309356785,0.35,0,27.3578828596742,1763.77031060706,2.87257770026579,132.726784894534,47.7816425620322,5017.07246901338,852.902319732275,2608.87768388696,69544.8363651087,1180.37759776675,250,140,158
"21","WR-09",6,2024-04-11 10:00:00,10.2,26,0.5484,0,15.7,183,2024-04-11 10:00:00,53,-111.52,"America/Edmonton",-7,4,11,1,2024,"STN",0,101,91.85,2024-04-11,2024-04-11 10:00:00,-7,0.455834246302789,5.64299324847695,19.2709679507927,13.6279747023157,13.8833329048791,87.1735717314775,19.0419672,56.0384999999997,6.30126009727026,20.5914335811889,9.83317600260598,1.55466546858148,12.2284482823057,87.4147042759694,30.3672499742383,27.6330035488275,0.35,87.1735717314775,"O-1a",1,91.85,"STN",0,0,"S",1483.73106437712,15.7158015211257,14.1307720416869,0.35,0.35,1,2.32876391005762,6.30126009727026,87.1735717314775,0,0,0,0,4.94891585698825,4.08952396654046,14.116531255522,4.94620527377354,4.08540260387523,0,0,519.636164983767,429.400016486748,0.35,0.35,0,0,0,1.84083711814365,1.83998973474778,3.03350996435022,725.09387680102,209.84619795873,254.061220316511,1.23226008911223,1.23236929589464,0,129.387309356785,0.35,0,27.3578828596742,2116.52437272847,2.87257770026579,191.126570248129,58.3997853535949,6131.97746212747,1042.43616856167,3188.62828030628,84999.244446244,1262.03388906495,250,140,158
"22","WR-09",7,2024-04-11 10:00:00,10.2,26,0.5484,0,15.7,183,2024-04-11 10:00:00,53,-111.52,"America/Edmonton",-7,4,11,1.16666666666667,2024,"STN",0,101,91.85,2024-04-11,2024-04-11 10:00:00,-7,0.455834246302789,5.64299324847695,19.2709679507927,13.6279747023157,13.8833329048791,87.1735717314775,19.0419672,56.0384999999997,6.30126009727026,20.5914335811889,9.83317600260598,1.55466546858148,12.2284482823057,87.4147042759694,30.3672499742383,27.6330035488275,0.35,87.1735717314775,"O-1a",1,91.85,"STN",0,0,"S",1483.73106437712,15.7158015211257,14.1307720416869,0.35,0.35,1,2.32876391005762,6.30126009727026,87.1735717314775,0,0,0,0,4.94891585698825,4.08952396654046,14.1262628851622,4.94805785670077,4.0882189915807,0,0,519.636164983767,429.400016486748,0.35,0.35,0,0,0,1.84083711814365,1.84056880540276,3.03350996435022,866.316974351453,250.716947296261,303.448020625147,1.23226008911223,1.23229470694036,0,129.387309356785,0.35,0,27.3578828596742,2469.27843484988,2.87257770026579,260.144498393286,69.0179281451576,7246.88245524155,1231.97001739106,3768.3788767256,100453.652527379,1334.30333887472,250,140,158
"23","WR-12",1,2024-04-23 09:00:00,8.5,39,0.5064,0,8.2,224,2024-04-23 09:00:00,53,-111.52,"America/Edmonton",-7,4,23,0.166666666666667,2024,"STN",0,113,89.87,2024-04-23,2024-04-23 09:00:00,-7,0.485594521491541,5.19073630511342,19.6237960228152,14.4330597177018,13.3457405354135,87.664476574167,29.5219654297798,98.3764372907,4.63184426991692,33.7349633535578,9.97922582482796,1.59577012269347,14.0809946477682,85.8406731185031,10.6138861690791,20.124420945413,0.35,87.664476574167,"O-1a",1,89.87,"STN",0,0,"S",951.594394791578,67.8256779373506,9.06280375991979,0.35,0.35,1,1.27053481933202,4.63184426991692,87.664476574167,0,0,0,0,2.45110314222619,3.46455748866751,6.19318685586245,2.07488792133968,2.36755119812782,0,0,257.36582993375,363.778536310088,0.35,0.35,0,0,0,2.5554537124067,2.06293987399159,6.15113786007135,36.7742388525679,14.0581731638245,12.320381378357,0.970853932378072,1.02536707725147,0,101.939662899698,0.35,0,9.56205961178297,132.174742177571,1.00401625923721,0.536931404836162,0.536931404836162,56.377797507797,9.58422557632549,29.3164547040544,786.208021697942,328.95797445683,375,133,300
"24","WR-12",2,2024-04-23 09:00:00,8.5,39,0.5064,0,8.2,224,2024-04-23 09:00:00,53,-111.52,"America/Edmonton",-7,4,23,0.333333333333333,2024,"STN",0,113,89.87,2024-04-23,2024-04-23 09:00:00,-7,0.485594521491541,5.19073630511342,19.6237960228152,14.4330597177018,13.3457405354135,87.664476574167,29.5219654297798,98.3764372907,4.63184426991692,33.7349633535578,9.97922582482796,1.59577012269347,14.0809946477682,85.8406731185031,10.6138861690791,20.124420945413,0.35,87.664476574167,"O-1a",1,89.87,"STN",0,0,"S",951.594394791578,67.8256779373506,9.06280375991979,0.35,0.35,1,1.27053481933202,4.63184426991692,87.664476574167,0,0,0,0,2.45110314222619,3.46455748866751,8.15417753406355,2.34868839711482,3.11720496084252,0,0,257.36582993375,363.778536310088,0.35,0.35,0,0,0,2.5554537124067,2.39950572173646,6.15113786007135,110.350183597843,42.1850196790674,31.7847133880816,0.970853932378072,0.992420477640688,0,101.939662899698,0.35,0,9.56205961178297,264.349484355141,1.00401625923721,2.14772561934465,1.61079421450849,169.133392523391,28.7526767289765,87.9493641121633,2358.62406509383,474.439497309558,375,133,300
"25","WR-12",3,2024-04-23 09:00:00,8.5,39,0.5064,0,8.2,224,2024-04-23 09:00:00,53,-111.52,"America/Edmonton",-7,4,23,0.5,2024,"STN",0,113,89.87,2024-04-23,2024-04-23 09:00:00,-7,0.485594521491541,5.19073630511342,19.6237960228152,14.4330597177018,13.3457405354135,87.664476574167,29.5219654297798,98.3764372907,4.63184426991692,33.7349633535578,9.97922582482796,1.59577012269347,14.0809946477682,85.8406731185031,10.6138861690791,20.124420945413,0.35,87.664476574167,"O-1a",1,89.87,"STN",0,0,"S",951.594394791578,67.8256779373506,9.06280375991979,0.35,0.35,1,1.27053481933202,4.63184426991692,87.664476574167,0,0,0,0,2.45110314222619,3.46455748866751,8.77509928719159,2.42005385842264,3.35457290642136,0,0,257.36582993375,363.778536310088,0.35,0.35,0,0,0,2.5554537124067,2.50607484444972,6.15113786007135,195.578901604623,74.7665254737526,53.9380193846002,0.970853932378072,0.977923829539159,0,101.939662899698,0.35,0,9.56205961178297,396.524226532712,1.00401625923721,4.83238264352546,2.68465702418081,281.888987538985,47.9211278816275,146.582273520272,3931.04010848971,562.510223788666,375,133,300
"26","WR-12",4,2024-04-23 09:00:00,8.5,39,0.5064,0,8.2,224,2024-04-23 09:00:00,53,-111.52,"America/Edmonton",-7,4,23,0.666666666666667,2024,"STN",0,113,89.87,2024-04-23,2024-04-23 09:00:00,-7,0.485594521491541,5.19073630511342,19.6237960228152,14.4330597177018,13.3457405354135,87.664476574167,29.5219654297798,98.3764372907,4.63184426991692,33.7349633535578,9.97922582482796,1.59577012269347,14.0809946477682,85.8406731185031,10.6138861690791,20.124420945413,0.35,87.664476574167,"O-1a",1,89.87,"STN",0,0,"S",951.594394791578,67.8256779373506,9.06280375991979,0.35,0.35,1,1.27053481933202,4.63184426991692,87.664476574167,0,0,0,0,2.45110314222619,3.46455748866751,8.97170594513923,2.44140241529585,3.42973232586358,0,0,257.36582993375,363.778536310088,0.35,0.35,0,0,0,2.5554537124067,2.53981854718121,6.15113786007135,284.497316091233,108.758540191365,77.4181007377573,0.970853932378072,0.973112462355956,0,101.939662899698,0.35,0,9.56205961178297,528.698968710283,1.00401625923721,8.59090247737859,3.75851983385313,394.644582554579,67.0895790342784,205.215182928381,5503.45615188559,629.273967160113,375,133,300
"27","WR-12",5,2024-04-23 09:00:00,8.5,39,0.5064,0,8.2,224,2024-04-23 09:00:00,53,-111.52,"America/Edmonton",-7,4,23,0.833333333333333,2024,"STN",0,113,89.87,2024-04-23,2024-04-23 09:00:00,-7,0.485594521491541,5.19073630511342,19.6237960228152,14.4330597177018,13.3457405354135,87.664476574167,29.5219654297798,98.3764372907,4.63184426991692,33.7349633535578,9.97922582482796,1.59577012269347,14.0809946477682,85.8406731185031,10.6138861690791,20.124420945413,0.35,87.664476574167,"O-1a",1,89.87,"STN",0,0,"S",951.594394791578,67.8256779373506,9.06280375991979,0.35,0.35,1,1.27053481933202,4.63184426991692,87.664476574167,0,0,0,0,2.45110314222619,3.46455748866751,9.03395884215018,2.448044402881,3.45353056162417,0,0,257.36582993375,363.778536310088,0.35,0.35,0,0,0,2.5554537124067,2.55050304420099,6.15113786007135,374.584024151205,143.197173897513,101.50570085105,0.970853932378072,0.971570944196591,0,101.939662899698,0.35,0,9.56205961178297,660.873710887854,1.00401625923721,13.4232851209041,4.83238264352546,507.400177570174,86.2580301869295,263.84809233649,7075.87219528148,684.260161131574,375,133,300
"28","WR-12",6,2024-04-23 09:00:00,8.5,39,0.5064,0,8.2,224,2024-04-23 09:00:00,53,-111.52,"America/Edmonton",-7,4,23,1,2024,"STN",0,113,89.87,2024-04-23,2024-04-23 09:00:00,-7,0.485594521491541,5.19073630511342,19.6237960228152,14.4330597177018,13.3457405354135,87.664476574167,29.5219654297798,98.3764372907,4.63184426991692,33.7349633535578,9.97922582482796,1.59577012269347,14.0809946477682,85.8406731185031,10.6138861690791,20.124420945413,0.35,87.664476574167,"O-1a",1,89.87,"STN",0,0,"S",951.594394791578,67.8256779373506,9.06280375991979,0.35,0.35,1,1.27053481933202,4.63184426991692,87.664476574167,0,0,0,0,2.45110314222619,3.46455748866751,9.05367039834421,2.45013591585513,3.46106595811233,0,0,257.36582993375,363.778536310088,0.35,0.35,0,0,0,2.5554537124067,2.55388614881978,6.15113786007135,465.040656913933,177.777223597335,125.85092738146,0.970853932378072,0.971081149269306,0,101.939662899698,0.35,0,9.56205961178297,793.048453065424,1.00401625923721,19.3295305741018,5.90624545319778,620.155772585767,105.42648133958,322.481001744599,8648.28823867736,731.595985825999,375,133,300
"29","WR-12",7,2024-04-23 09:00:00,8.5,39,0.5064,0,8.2,224,2024-04-23 09:00:00,53,-111.52,"America/Edmonton",-7,4,23,1.16666666666667,2024,"STN",0,113,89.87,2024-04-23,2024-04-23 09:00:00,-7,0.485594521491541,5.19073630511342,19.6237960228152,14.4330597177018,13.3457405354135,87.664476574167,29.5219654297798,98.3764372907,4.63184426991692,33.7349633535578,9.97922582482796,1.59577012269347,14.0809946477682,85.8406731185031,10.6138861690791,20.124420945413,0.35,87.664476574167,"O-1a",1,89.87,"STN",0,0,"S",951.594394791578,67.8256779373506,9.06280375991979,0.35,0.35,1,1.27053481933202,4.63184426991692,87.664476574167,0,0,0,0,2.45110314222619,3.46455748866751,9.05991180181693,2.45079701119799,3.46345194171233,0,0,257.36582993375,363.778536310088,0.35,0.35,0,0,0,2.5554537124067,2.55495736413674,6.15113786007135,555.614421439455,212.402050800531,150.299273682691,0.970853932378072,0.970925895989924,0,101.939662899698,0.35,0,9.56205961178297,925.223195242995,1.00401625923721,26.3096388369719,6.9801082628701,732.91136760136,124.594932492231,381.113911152707,10220.7042820732,773.490296142703,375,133,300
"30","WR-12",8,2024-04-23 09:00:00,8.5,39,0.5064,0,8.2,224,2024-04-23 09:00:00,53,-111.52,"America/Edmonton",-7,4,23,1.33333333333333,2024,"STN",0,113,89.87,2024-04-23,2024-04-23 09:00:00,-7,0.485594521491541,5.19073630511342,19.6237960228152,14.4330597177018,13.3457405354135,87.664476574167,29.5219654297798,98.3764372907,4.63184426991692,33.7349633535578,9.97922582482796,1.59577012269347,14.0809946477682,85.8406731185031,10.6138861690791,20.124420945413,0.35,87.664476574167,"O-1a",1,89.87,"STN",0,0,"S",951.594394791578,67.8256779373506,9.06280375991979,0.35,0.35,1,1.27053481933202,4.63184426991692,87.664476574167,0,0,0,0,2.45110314222619,3.46455748866751,9.06188805964892,2.45100622275307,3.46420743185122,0,0,257.36582993375,363.778536310088,0.35,0.35,0,0,0,2.5554537124067,2.55529655029401,6.15113786007135,646.22527418794,247.041056207738,174.78721408928,0.970853932378072,0.970876720543651,0,101.939662899698,0.35,0,9.56205961178297,1057.39793742057,1.00401625923721,34.3636099095144,8.05397107254243,845.666962616955,143.763383644882,439.746820560817,11793.1203254691,811.280128552728,375,133,300
"31","WR-12",9,2024-04-23 09:00:00,8.5,39,0.5064,0,8.2,224,2024-04-23 09:00:00,53,-111.52,"America/Edmonton",-7,4,23,1.5,2024,"STN",0,113,89.87,2024-04-23,2024-04-23 09:00:00,-7,0.485594521491541,5.19073630511342,19.6237960228152,14.4330597177018,13.3457405354135,87.664476574167,29.5219654297798,98.3764372907,4.63184426991692,33.7349633535578,9.97922582482796,1.59577012269347,14.0809946477682,85.8406731185031,10.6138861690791,20.124420945413,0.35,87.664476574167,"O-1a",1,89.87,"STN",0,0,"S",951.594394791578,67.8256779373506,9.06280375991979,0.35,0.35,1,1.27053481933202,4.63184426991692,87.664476574167,0,0,0,0,2.45110314222619,3.46455748866751,9.0625138155443,2.4510724552471,3.4644466478081,0,0,257.36582993375,363.778536310088,0.35,0.35,0,0,0,2.5554537124067,2.55540394910307,6.15113786007135,736.847870431526,281.684550955658,199.289905172269,0.970853932378072,0.97086114813356,0,101.939662899698,0.35,0,9.56205961178297,1189.57267959814,1.00401625923721,43.4914437917291,9.12783388221477,958.42255763255,162.931834797534,498.379729968926,13365.536368865,845.843583821069,375,133,300
"32","WR-12",10,2024-04-23 09:00:00,8.5,39,0.5064,0,8.2,224,2024-04-23 09:00:00,53,-111.52,"America/Edmonton",-7,4,23,1.66666666666667,2024,"STN",0,113,89.87,2024-04-23,2024-04-23 09:00:00,-7,0.485594521491541,5.19073630511342,19.6237960228152,14.4330597177018,13.3457405354135,87.664476574167,29.5219654297798,98.3764372907,4.63184426991692,33.7349633535578,9.97922582482796,1.59577012269347,14.0809946477682,85.8406731185031,10.6138861690791,20.124420945413,0.35,87.664476574167,"O-1a",1,89.87,"STN",0,0,"S",951.594394791578,67.8256779373506,9.06280375991979,0.35,0.35,1,1.27053481933202,4.63184426991692,87.664476574167,0,0,0,0,2.45110314222619,3.46455748866751,9.06271195286943,2.45109342572957,3.46452239237587,0,0,257.36582993375,363.778536310088,0.35,0.35,0,0,0,2.5554537124067,2.555437955515,6.15113786007135,827.474185097462,316.329467193917,223.797969702783,0.970853932378072,0.970856217170059,0,101.939662899698,0.35,0,9.56205961178297,1321.74742177571,1.00401625923721,53.6931404836162,10.2016966918871,1071.17815264814,182.100285950185,557.012639377035,14937.9524122609,877.792001400837,375,133,300
"33","WR-12",11,2024-04-23 09:00:00,8.5,39,0.5064,0,8.2,224,2024-04-23 09:00:00,53,-111.52,"America/Edmonton",-7,4,23,1.83333333333333,2024,"STN",0,113,89.87,2024-04-23,2024-04-23 09:00:00,-7,0.485594521491541,5.19073630511342,19.6237960228152,14.4330597177018,13.3457405354135,87.664476574167,29.5219654297798,98.3764372907,4.63184426991692,33.7349633535578,9.97922582482796,1.59577012269347,14.0809946477682,85.8406731185031,10.6138861690791,20.124420945413,0.35,87.664476574167,"O-1a",1,89.87,"STN",0,0,"S",951.594394791578,67.8256779373506,9.06280375991979,0.35,0.35,1,1.27053481933202,4.63184426991692,87.664476574167,0,0,0,0,2.45110314222619,3.46455748866751,9.06277469043196,2.45110006563906,3.46454637589111,0,0,257.36582993375,363.778536310088,0.35,0.35,0,0,0,2.5554537124067,2.55544872319542,6.15113786007135,918.101677152638,350.974833528286,248.307958434405,0.970853932378072,0.970854655829079,0,101.939662899698,0.35,0,9.56205961178297,1453.92216395328,1.00401625923721,64.9686999851756,11.2755595015594,1183.93374766373,201.268737102835,615.645548785142,16510.3684556567,907.57010874231,375,133,300
"34","WR-12",12,2024-04-23 09:00:00,8.5,39,0.5064,0,8.2,224,2024-04-23 09:00:00,53,-111.52,"America/Edmonton",-7,4,23,2,2024,"STN",0,113,89.87,2024-04-23,2024-04-23 09:00:00,-7,0.485594521491541,5.19073630511342,19.6237960228152,14.4330597177018,13.3457405354135,87.664476574167,29.5219654297798,98.3764372907,4.63184426991692,33.7349633535578,9.97922582482796,1.59577012269347,14.0809946477682,85.8406731185031,10.6138861690791,20.124420945413,0.35,87.664476574167,"O-1a",1,89.87,"STN",0,0,"S",951.594394791578,67.8256779373506,9.06280375991979,0.35,0.35,1,1.27053481933202,4.63184426991692,87.664476574167,0,0,0,0,2.45110314222619,3.46455748866751,9.06279455545107,2.45110216806688,3.46455396995389,0,0,257.36582993375,363.778536310088,0.35,0.35,0,0,0,2.5554537124067,2.55545213263896,6.15113786007135,1008.72954201254,385.620342379633,272.818627002075,0.970853932378072,0.970854161449447,0,101.939662899698,0.35,0,9.56205961178297,1586.09690613085,1.00401625923721,77.3181222964073,12.3494223112317,1296.68934267933,220.437188255486,674.278458193253,18082.7844990527,935.512721316633,375,133,300
"35","WR-12",13,2024-04-23 09:00:00,8.5,39,0.5064,0,8.2,224,2024-04-23 09:00:00,53,-111.52,"America/Edmonton",-7,4,23,2.16666666666667,2024,"STN",0,113,89.87,2024-04-23,2024-04-23 09:00:00,-7,0.485594521491541,5.19073630511342,19.6237960228152,14.4330597177018,13.3457405354135,87.664476574167,29.5219654297798,98.3764372907,4.63184426991692,33.7349633535578,9.97922582482796,1.59577012269347,14.0809946477682,85.8406731185031,10.6138861690791,20.124420945413,0.35,87.664476574167,"O-1a",1,89.87,"STN",0,0,"S",951.594394791578,67.8256779373506,9.06280375991979,0.35,0.35,1,1.27053481933202,4.63184426991692,87.664476574167,0,0,0,0,2.45110314222619,3.46455748866751,9.06280084544655,2.45110283377167,3.4645563745134,0,0,257.36582993375,363.778536310088,0.35,0.35,0,0,0,2.5554537124067,2.55545321219414,6.15113786007135,1099.35752491612,420.265896357095,297.32953317671,0.970853932378072,0.97085400491051,0,101.939662899698,0.35,0,9.56205961178297,1718.27164830842,1.00401625923721,90.7414074173114,13.423285120904,1409.44493769492,239.605639408137,732.911367601361,19655.2005424485,961.878952438345,375,133,300
"36","WR-12",14,2024-04-23 09:00:00,8.5,39,0.5064,0,8.2,224,2024-04-23 09:00:00,53,-111.52,"America/Edmonton",-7,4,23,2.33333333333333,2024,"STN",0,113,89.87,2024-04-23,2024-04-23 09:00:00,-7,0.485594521491541,5.19073630511342,19.6237960228152,14.4330597177018,13.3457405354135,87.664476574167,29.5219654297798,98.3764372907,4.63184426991692,33.7349633535578,9.97922582482796,1.59577012269347,14.0809946477682,85.8406731185031,10.6138861690791,20.124420945413,0.35,87.664476574167,"O-1a",1,89.87,"STN",0,0,"S",951.594394791578,67.8256779373506,9.06280375991979,0.35,0.35,1,1.27053481933202,4.63184426991692,87.664476574167,0,0,0,0,2.45110314222619,3.46455748866751,9.0628028370904,2.45110304455816,3.46455713588535,0,0,257.36582993375,363.778536310088,0.35,0.35,0,0,0,2.5554537124067,2.55545355402101,6.15113786007135,1189.98554519668,454.911464623144,321.840521662304,0.970853932378072,0.970853955344511,0,101.939662899698,0.35,0,9.56205961178297,1850.44639048599,1.00401625923721,105.238555347888,14.4971479305764,1522.20053271052,258.774090560788,791.544277009469,21227.6165858444,986.873923370489,375,133,300
"37","WR-12",15,2024-04-23 09:00:00,8.5,39,0.5064,0,8.2,224,2024-04-23 09:00:00,53,-111.52,"America/Edmonton",-7,4,23,2.5,2024,"STN",0,113,89.87,2024-04-23,2024-04-23 09:00:00,-7,0.485594521491541,5.19073630511342,19.6237960228152,14.4330597177018,13.3457405354135,87.664476574167,29.5219654297798,98.3764372907,4.63184426991692,33.7349633535578,9.97922582482796,1.59577012269347,14.0809946477682,85.8406731185031,10.6138861690791,20.124420945413,0.35,87.664476574167,"O-1a",1,89.87,"STN",0,0,"S",951.594394791578,67.8256779373506,9.06280375991979,0.35,0.35,1,1.27053481933202,4.63184426991692,87.664476574167,0,0,0,0,2.45110314222619,3.46455748866751,9.06280346771807,2.4511031113009,3.46455737696371,0,0,257.36582993375,363.778536310088,0.35,0.35,0,0,0,2.5554537124067,2.55545366225597,6.15113786007135,1280.61357731216,489.557037413486,346.351538451089,0.970853932378072,0.970853939650091,0,101.939662899698,0.35,0,9.56205961178297,1982.62113266356,1.00401625923721,120.809566088136,15.5710107402487,1634.95612772611,277.942541713439,850.177186417579,22800.0326292403,1010.66311986725,375,133,300
"38","WR-12",16,2024-04-23 09:00:00,8.5,39,0.5064,0,8.2,224,2024-04-23 09:00:00,53,-111.52,"America/Edmonton",-7,4,23,2.66666666666667,2024,"STN",0,113,89.87,2024-04-23,2024-04-23 09:00:00,-7,0.485594521491541,5.19073630511342,19.6237960228152,14.4330597177018,13.3457405354135,87.664476574167,29.5219654297798,98.3764372907,4.63184426991692,33.7349633535578,9.97922582482796,1.59577012269347,14.0809946477682,85.8406731185031,10.6138861690791,20.124420945413,0.35,87.664476574167,"O-1a",1,89.87,"STN",0,0,"S",951.594394791578,67.8256779373506,9.06280375991979,0.35,0.35,1,1.27053481933202,4.63184426991692,87.664476574167,0,0,0,0,2.45110314222619,3.46455748866751,9.06280366739798,2.45110313243411,3.46455745329798,0,0,257.36582993375,363.778536310088,0.35,0.35,0,0,0,2.5554537124067,2.55545369652713,6.15113786007135,1371.24161317501,524.202611636384,370.862564911136,0.970853932378072,0.970853934680662,0,101.939662899698,0.35,0,9.56205961178297,2114.79587484113,1.00401625923721,137.454439638057,16.644873549921,1747.71172274171,297.11099286609,908.810095825687,24372.4486726362,1033.38221640855,375,133,300
"39","WR-12",17,2024-04-23 09:00:00,8.5,39,0.5064,0,8.2,224,2024-04-23 09:00:00,53,-111.52,"America/Edmonton",-7,4,23,2.83333333333333,2024,"STN",0,113,89.87,2024-04-23,2024-04-23 09:00:00,-7,0.485594521491541,5.19073630511342,19.6237960228152,14.4330597177018,13.3457405354135,87.664476574167,29.5219654297798,98.3764372907,4.63184426991692,33.7349633535578,9.97922582482796,1.59577012269347,14.0809946477682,85.8406731185031,10.6138861690791,20.124420945413,0.35,87.664476574167,"O-1a",1,89.87,"STN",0,0,"S",951.594394791578,67.8256779373506,9.06280375991979,0.35,0.35,1,1.27053481933202,4.63184426991692,87.664476574167,0,0,0,0,2.45110314222619,3.46455748866751,9.06280373062398,2.45110313912566,3.46455747746822,0,0,257.36582993375,363.778536310088,0.35,0.35,0,0,0,2.5554537124067,2.55545370737864,6.15113786007135,1461.86965022442,558.848186312884,395.373594658095,0.970853932378072,0.970853933107157,0,101.939662899698,0.35,0,9.56205961178297,2246.9706170187,1.00401625923721,155.173175997651,17.7187363595934,1860.4673177573,316.279444018742,967.443005233799,25944.8647160321,1055.14399619617,375,133,300
"40","WR-12",18,2024-04-23 09:00:00,8.5,39,0.5064,0,8.2,224,2024-04-23 09:00:00,53,-111.52,"America/Edmonton",-7,4,23,3,2024,"STN",0,113,89.87,2024-04-23,2024-04-23 09:00:00,-7,0.485594521491541,5.19073630511342,19.6237960228152,14.4330597177018,13.3457405354135,87.664476574167,29.5219654297798,98.3764372907,4.63184426991692,33.7349633535578,9.97922582482796,1.59577012269347,14.0809946477682,85.8406731185031,10.6138861690791,20.124420945413,0.35,87.664476574167,"O-1a",1,89.87,"STN",0,0,"S",951.594394791578,67.8256779373506,9.06280375991979,0.35,0.35,1,1.27053481933202,4.63184426991692,87.664476574167,0,0,0,0,2.45110314222619,3.46455748866751,9.06280375064366,2.45110314124445,3.4645574851214,0,0,257.36582993375,363.778536310088,0.35,0.35,0,0,0,2.5554537124067,2.55545371081463,6.15113786007135,1552.49768764953,593.493761133009,419.884625516937,0.970853932378072,0.970853932608927,0,101.939662899698,0.35,0,9.56205961178297,2379.14535919627,1.00401625923721,173.965775166917,18.7925991692657,1973.2229127729,335.447895171392,1026.07591464191,27517.280759428,1076.04334771362,375,133,300
"41","WR-14",1,2024-04-24 10:00:00,18.1,20,0.6038,0,13.8,190,2024-04-24 10:00:00,53,-111.52,"America/Edmonton",-7,4,24,0.166666666666667,2024,"STN",0,114,89.66,2024-04-24,2024-04-24 10:00:00,-7,0.524596127109243,5.15462644137711,19.6532002308477,14.4985737894706,9.4679205049251,91.3052741458191,33.8505880297798,104.7229372907,10.347088156776,37.4432965682301,19.6971799373473,5.31696836787674,7.88502020155117,90.4296335024445,41.4776186162471,29.8600695993983,0.35,91.3052741458191,"O-1a",1,89.66,"STN",0,0,"S",2588.62264327882,159.664059371178,24.6535489836079,0.35,0.35,1,3.41750374279314,10.347088156776,91.3052741458191,0,0,0,0,5.79696254124276,6.58689266057266,16.84732887971,4.94638989883474,4.50124024828233,0,0,608.68106683049,691.623729360129,0.35,0.35,0,0,0,2.69455265769952,2.15799497862286,6.89548207006432,100.0369778386,26.7277070554454,29.3709406531941,0.984611536073323,1.09468044505613,0,103.384211287699,0.35,0,37.367223978601,473.509343780358,3.9235585177531,6.53522151766962,6.53522151766962,686.19825935531,116.653704090403,356.823094864761,9253.69478415678,629.08776818668,550,13,23
"42","WR-14",2,2024-04-24 10:00:00,18.1,20,0.6038,0,13.8,190,2024-04-24 10:00:00,53,-111.52,"America/Edmonton",-7,4,24,0.333333333333333,2024,"STN",0,114,89.66,2024-04-24,2024-04-24 10:00:00,-7,0.524596127109243,5.15462644137711,19.6532002308477,14.4985737894706,9.4679205049251,91.3052741458191,33.8505880297798,104.7229372907,10.347088156776,37.4432965682301,19.6971799373473,5.31696836787674,7.88502020155117,90.4296335024445,41.4776186162471,29.8600695993983,0.35,91.3052741458191,"O-1a",1,89.66,"STN",0,0,"S",2588.62264327882,159.664059371178,24.6535489836079,0.35,0.35,1,3.41750374279314,10.347088156776,91.3052741458191,0,0,0,0,5.79696254124276,6.58689266057266,22.1818126688478,5.56675449532956,5.92649841869742,0,0,608.68106683049,691.623729360129,0.35,0.35,0,0,0,2.69455265769952,2.52465876761116,6.89548207006432,300.185652116959,80.2030843532147,75.3346831164233,0.984611536073323,1.019617042453,0,103.384211287699,0.35,0,37.367223978601,947.018687560716,3.9235585177531,26.1408860706785,19.6056645530089,2058.59477806593,349.961112271208,1070.46928459428,27761.0843524703,907.301563352885,550,13,23
"43","WR-14",3,2024-04-24 10:00:00,18.1,20,0.6038,0,13.8,190,2024-04-24 10:00:00,53,-111.52,"America/Edmonton",-7,4,24,0.5,2024,"STN",0,114,89.66,2024-04-24,2024-04-24 10:00:00,-7,0.524596127109243,5.15462644137711,19.6532002308477,14.4985737894706,9.4679205049251,91.3052741458191,33.8505880297798,104.7229372907,10.347088156776,37.4432965682301,19.6971799373473,5.31696836787674,7.88502020155117,90.4296335024445,41.4776186162471,29.8600695993983,0.35,91.3052741458191,"O-1a",1,89.66,"STN",0,0,"S",2588.62264327882,159.664059371178,24.6535489836079,0.35,0.35,1,3.41750374279314,10.347088156776,91.3052741458191,0,0,0,0,5.79696254124276,6.58689266057266,23.8709063821453,5.72727487407717,6.37778756130875,0,0,608.68106683049,691.623729360129,0.35,0.35,0,0,0,2.69455265769952,2.6407580052047,6.89548207006432,532.033370533059,142.14775754493,127.649168676046,0.984611536073323,0.99561220649825,0,103.384211287699,0.35,0,37.367223978601,1420.52803134107,3.9235585177531,58.8169936590266,32.6761075883481,3430.99129677655,583.268520452014,1784.11547432381,46268.4739207839,1075.72495194775,550,13,23
"44","WR-14",4,2024-04-24 10:00:00,18.1,20,0.6038,0,13.8,190,2024-04-24 10:00:00,53,-111.52,"America/Edmonton",-7,4,24,0.666666666666667,2024,"STN",0,114,89.66,2024-04-24,2024-04-24 10:00:00,-7,0.524596127109243,5.15462644137711,19.6532002308477,14.4985737894706,9.4679205049251,91.3052741458191,33.8505880297798,104.7229372907,10.347088156776,37.4432965682301,19.6971799373473,5.31696836787674,7.88502020155117,90.4296335024445,41.4776186162471,29.8600695993983,0.35,91.3052741458191,"O-1a",1,89.66,"STN",0,0,"S",2588.62264327882,159.664059371178,24.6535489836079,0.35,0.35,1,3.41750374279314,10.347088156776,91.3052741458191,0,0,0,0,5.79696254124276,6.58689266057266,24.4057355587024,5.77519981652936,6.52068229748105,0,0,608.68106683049,691.623729360129,0.35,0.35,0,0,0,2.69455265769952,2.67751929272369,6.89548207006432,773.918171877337,206.774121227419,183.1344961304,0.984611536073323,0.988084518099925,0,103.384211287699,0.35,0,37.367223978601,1894.03737512143,3.9235585177531,104.563544282714,45.7465506236873,4803.38781548717,816.575928632819,2497.76166405333,64775.8634890974,1203.40160846499,550,13,23
"45","WR-14",5,2024-04-24 10:00:00,18.1,20,0.6038,0,13.8,190,2024-04-24 10:00:00,53,-111.52,"America/Edmonton",-7,4,24,0.833333333333333,2024,"STN",0,114,89.66,2024-04-24,2024-04-24 10:00:00,-7,0.524596127109243,5.15462644137711,19.6532002308477,14.4985737894706,9.4679205049251,91.3052741458191,33.8505880297798,104.7229372907,10.347088156776,37.4432965682301,19.6971799373473,5.31696836787674,7.88502020155117,90.4296335024445,41.4776186162471,29.8600695993983,0.35,91.3052741458191,"O-1a",1,89.66,"STN",0,0,"S",2588.62264327882,159.664059371178,24.6535489836079,0.35,0.35,1,3.41750374279314,10.347088156776,91.3052741458191,0,0,0,0,5.79696254124276,6.58689266057266,24.575082141337,5.79010148943612,6.56592802510391,0,0,608.68106683049,691.623729360129,0.35,0.35,0,0,0,2.69455265769952,2.68915926804192,6.89548207006432,1018.98108273398,272.249606723381,240.080739137024,0.984611536073323,0.985710132809092,0,103.384211287699,0.35,0,37.367223978601,2367.54671890179,3.9235585177531,163.38053794174,58.8169936590266,6175.78433419779,1049.88333681362,3211.40785378285,83283.253057411,1308.55528988494,550,13,23
"46","WR-14",6,2024-04-24 10:00:00,18.1,20,0.6038,0,13.8,190,2024-04-24 10:00:00,53,-111.52,"America/Edmonton",-7,4,24,1,2024,"STN",0,114,89.66,2024-04-24,2024-04-24 10:00:00,-7,0.524596127109243,5.15462644137711,19.6532002308477,14.4985737894706,9.4679205049251,91.3052741458191,33.8505880297798,104.7229372907,10.347088156776,37.4432965682301,19.6971799373473,5.31696836787674,7.88502020155117,90.4296335024445,41.4776186162471,29.8600695993983,0.35,91.3052741458191,"O-1a",1,89.66,"STN",0,0,"S",2588.62264327882,159.664059371178,24.6535489836079,0.35,0.35,1,3.41750374279314,10.347088156776,91.3052741458191,0,0,0,0,5.79696254124276,6.58689266057266,24.6287034961678,5.79479305336944,6.58025448612662,0,0,608.68106683049,691.623729360129,0.35,0.35,0,0,0,2.69455265769952,2.69284491222234,6.89548207006432,1265.05029991936,337.993955407171,297.648826349153,0.984611536073323,0.984959282668737,0,103.384211287699,0.35,0,37.367223978601,2841.05606268215,3.9235585177531,235.267974636106,71.8874366943659,7548.18085290842,1283.19074499443,3925.05404351238,101790.642625725,1399.07867166786,550,13,23
"47","WR-14",7,2024-04-24 10:00:00,18.1,20,0.6038,0,13.8,190,2024-04-24 10:00:00,53,-111.52,"America/Edmonton",-7,4,24,1.16666666666667,2024,"STN",0,114,89.66,2024-04-24,2024-04-24 10:00:00,-7,0.524596127109243,5.15462644137711,19.6532002308477,14.4985737894706,9.4679205049251,91.3052741458191,33.8505880297798,104.7229372907,10.347088156776,37.4432965682301,19.6971799373473,5.31696836787674,7.88502020155117,90.4296335024445,41.4776186162471,29.8600695993983,0.35,91.3052741458191,"O-1a",1,89.66,"STN",0,0,"S",2588.62264327882,159.664059371178,24.6535489836079,0.35,0.35,1,3.41750374279314,10.347088156776,91.3052741458191,0,0,0,0,5.79696254124276,6.58689266057266,24.6456819887312,5.79627589918454,6.58479077046149,0,0,608.68106683049,691.623729360129,0.35,0.35,0,0,0,2.69455265769952,2.6940119226887,6.89548207006432,1511.43815068967,403.82343606216,355.466427342375,0.984611536073323,0.984721634402797,0,103.384211287699,0.35,0,37.367223978601,3314.56540646251,3.9235585177531,320.225854365811,84.957879729705,8920.57737161903,1516.49815317524,4638.7002332419,120298.032194038,1479.19589095817,550,13,23
"48","WR-14",8,2024-04-24 10:00:00,18.1,20,0.6038,0,13.8,190,2024-04-24 10:00:00,53,-111.52,"America/Edmonton",-7,4,24,1.33333333333333,2024,"STN",0,114,89.66,2024-04-24,2024-04-24 10:00:00,-7,0.524596127109243,5.15462644137711,19.6532002308477,14.4985737894706,9.4679205049251,91.3052741458191,33.8505880297798,104.7229372907,10.347088156776,37.4432965682301,19.6971799373473,5.31696836787674,7.88502020155117,90.4296335024445,41.4776186162471,29.8600695993983,0.35,91.3052741458191,"O-1a",1,89.66,"STN",0,0,"S",2588.62264327882,159.664059371178,24.6535489836079,0.35,0.35,1,3.41750374279314,10.347088156776,91.3052741458191,0,0,0,0,5.79696254124276,6.58689266057266,24.6510580037654,5.79674515493706,6.58622712487827,0,0,608.68106683049,691.623729360129,0.35,0.35,0,0,0,2.69455265769952,2.69438144111261,6.89548207006432,1757.92689256893,469.67987262948,413.379993494639,0.984611536073323,0.9846463961454,0,103.384211287699,0.35,0,37.367223978601,3788.07475024286,3.9235585177531,418.254177130856,98.0283227650443,10292.9738903297,1749.80556135604,5352.34642297142,138805.421762352,1551.4638497156,550,13,23
"49","WR-14",9,2024-04-24 10:00:00,18.1,20,0.6038,0,13.8,190,2024-04-24 10:00:00,53,-111.52,"America/Edmonton",-7,4,24,1.5,2024,"STN",0,114,89.66,2024-04-24,2024-04-24 10:00:00,-7,0.524596127109243,5.15462644137711,19.6532002308477,14.4985737894706,9.4679205049251,91.3052741458191,33.8505880297798,104.7229372907,10.347088156776,37.4432965682301,19.6971799373473,5.31696836787674,7.88502020155117,90.4296335024445,41.4776186162471,29.8600695993983,0.35,91.3052741458191,"O-1a",1,89.66,"STN",0,0,"S",2588.62264327882,159.664059371178,24.6535489836079,0.35,0.35,1,3.41750374279314,10.347088156776,91.3052741458191,0,0,0,0,5.79696254124276,6.58689266057266,24.6527602477979,5.79689371173413,6.58668192750048,0,0,608.68106683049,691.623729360129,0.35,0.35,0,0,0,2.69455265769952,2.69449844423258,6.89548207006432,2004.44758028299,535.544844429796,471.329354475875,0.984611536073323,0.984622573942862,0,103.384211287699,0.35,0,37.367223978601,4261.58409402322,3.9235585177531,529.352942931239,111.098765800383,11665.3704090403,1983.11296953685,6065.99261270094,157312.811330665,1617.56179724668,550,13,23
"50","WR-14",10,2024-04-24 10:00:00,18.1,20,0.6038,0,13.8,190,2024-04-24 10:00:00,53,-111.52,"America/Edmonton",-7,4,24,1.66666666666667,2024,"STN",0,114,89.66,2024-04-24,2024-04-24 10:00:00,-7,0.524596127109243,5.15462644137711,19.6532002308477,14.4985737894706,9.4679205049251,91.3052741458191,33.8505880297798,104.7229372907,10.347088156776,37.4432965682301,19.6971799373473,5.31696836787674,7.88502020155117,90.4296335024445,41.4776186162471,29.8600695993983,0.35,91.3052741458191,"O-1a",1,89.66,"STN",0,0,"S",2588.62264327882,159.664059371178,24.6535489836079,0.35,0.35,1,3.41750374279314,10.347088156776,91.3052741458191,0,0,0,0,5.79696254124276,6.58689266057266,24.6532992408491,5.79694074758916,6.58682593473348,0,0,608.68106683049,691.623729360129,0.35,0.35,0,0,0,2.69455265769952,2.69453549172249,6.89548207006432,2250.97838322297,601.412518798714,529.291766759821,0.984611536073323,0.984615031057537,0,103.384211287699,0.35,0,37.367223978601,4735.09343780358,3.9235585177531,653.522151766962,124.169208835723,13037.7669277509,2216.42037771765,6779.63880243046,175820.200898979,1678.65883782014,550,13,23
"51","WR-15",1,2024-04-24 15:00:00,20.2,15,0.3137,0,23,207,2024-04-24 15:00:00,53,-111.52,"America/Edmonton",-7,4,24,0.166666666666667,2024,"STN",0,114,89.66,2024-04-24,2024-04-24 15:00:00,-7,0.510056421873745,5.15462644137711,19.6532002308477,14.4985737894706,6.28200257380275,94.4340553078571,35.7919558297798,107.1994372907,25.5112366325513,39.0165818201797,37.3571700576537,16.5071018105969,6.17973766792443,90.4943031941679,83.0726767996573,34.8212258668921,0.35,94.4340553078571,"O-1a",1,89.66,"STN",0,0,"S",6791.98001331238,173.521761603829,64.6855239363084,0.35,0.35,1,10,25.5112366325513,94.4340553078571,0,0,0,0,3.59915234798458,0.0312343360762452,44.2037086115243,3.42275230710487,0.0213443968073633,0,0,377.910996538381,3.27960528800575,0.35,0.35,0,0,0,8.99055555520234,6.46045185865922,92.5477879386149,262.475164480264,0.126739910263641,20.3238032056961,0.230971239952857,0.307339597856263,0,24.25198019505,0.35,0,74.8402493690606,748.763870604415,7.85822618375136,4.89771053271136,4.89771053271136,514.259605934693,87.4241330088978,267.41499508604,6885.35300670951,480.800972899242,600,246,355
"52","WR-15",2,2024-04-24 15:00:00,20.2,15,0.3137,0,23,207,2024-04-24 15:00:00,53,-111.52,"America/Edmonton",-7,4,24,0.333333333333333,2024,"STN",0,114,89.66,2024-04-24,2024-04-24 15:00:00,-7,0.510056421873745,5.15462644137711,19.6532002308477,14.4985737894706,6.28200257380275,94.4340553078571,35.7919558297798,107.1994372907,25.5112366325513,39.0165818201797,37.3571700576537,16.5071018105969,6.17973766792443,90.4943031941679,83.0726767996573,34.8212258668921,0.35,94.4340553078571,"O-1a",1,89.66,"STN",0,0,"S",6791.98001331238,173.521761603829,64.6855239363084,0.35,0.35,1,10,25.5112366325513,94.4340553078571,0,0,0,0,3.59915234798458,0.0312343360762452,58.2002281008504,3.55508984569496,0.0281028176567914,0,0,377.910996538381,3.27960528800575,0.35,0.35,0,0,0,8.99055555520234,8.18943169453492,92.5477879386149,787.621538718773,0.380314394074544,48.1108996634472,0.230971239952857,0.250759121094508,0,24.25198019505,0.35,0,74.8402493690606,1497.52774120883,7.85822618375136,19.5908421308455,14.6931315981341,1542.77881780408,262.272399026694,802.244985258121,20656.0590201285,693.434996567316,600,246,355
"53","WR-15",3,2024-04-24 15:00:00,20.2,15,0.3137,0,23,207,2024-04-24 15:00:00,53,-111.52,"America/Edmonton",-7,4,24,0.5,2024,"STN",0,114,89.66,2024-04-24,2024-04-24 15:00:00,-7,0.510056421873745,5.15462644137711,19.6532002308477,14.4985737894706,6.28200257380275,94.4340553078571,35.7919558297798,107.1994372907,25.5112366325513,39.0165818201797,37.3571700576537,16.5071018105969,6.17973766792443,90.4943031941679,83.0726767996573,34.8212258668921,0.35,94.4340553078571,"O-1a",1,89.66,"STN",0,0,"S",6791.98001331238,173.521761603829,64.6855239363084,0.35,0.35,1,10,25.5112366325513,94.4340553078571,0,0,0,0,3.59915234798458,0.0312343360762452,62.6320408145015,3.58607476797691,0.0302427822006584,0,0,377.910996538381,3.27960528800575,0.35,0.35,0,0,0,8.99055555520234,8.73689028408813,92.5477879386149,1395.93927622402,0.674049367499023,79.9262254749307,0.230971239952857,0.236894298004809,0,24.25198019505,0.35,0,74.8402493690606,2246.29161181325,7.85822618375136,44.0793947944023,24.4885526635568,2571.29802967347,437.120665044489,1337.0749754302,34426.7650335475,822.158098796459,600,246,355
"54","WR-15",4,2024-04-24 15:00:00,20.2,15,0.3137,0,23,207,2024-04-24 15:00:00,53,-111.52,"America/Edmonton",-7,4,24,0.666666666666667,2024,"STN",0,114,89.66,2024-04-24,2024-04-24 15:00:00,-7,0.510056421873745,5.15462644137711,19.6532002308477,14.4985737894706,6.28200257380275,94.4340553078571,35.7919558297798,107.1994372907,25.5112366325513,39.0165818201797,37.3571700576537,16.5071018105969,6.17973766792443,90.4943031941679,83.0726767996573,34.8212258668921,0.35,94.4340553078571,"O-1a",1,89.66,"STN",0,0,"S",6791.98001331238,173.521761603829,64.6855239363084,0.35,0.35,1,10,25.5112366325513,94.4340553078571,0,0,0,0,3.59915234798458,0.0312343360762452,64.035315674645,3.59509206394489,0.0309203736604141,0,0,377.910996538381,3.27960528800575,0.35,0.35,0,0,0,8.99055555520234,8.91023580325307,92.5477879386149,2030.5921254989,0.980500628611425,114.002180805686,0.230971239952857,0.232814751897834,0,24.25198019505,0.35,0,74.8402493690606,2995.05548241766,7.85822618375136,78.3633685233818,34.2839737289795,3599.81724154285,611.968931062285,1871.90496560228,48197.4710469665,919.739173766263,600,246,355
"55","WR-15",5,2024-04-24 15:00:00,20.2,15,0.3137,0,23,207,2024-04-24 15:00:00,53,-111.52,"America/Edmonton",-7,4,24,0.833333333333333,2024,"STN",0,114,89.66,2024-04-24,2024-04-24 15:00:00,-7,0.510056421873745,5.15462644137711,19.6532002308477,14.4985737894706,6.28200257380275,94.4340553078571,35.7919558297798,107.1994372907,25.5112366325513,39.0165818201797,37.3571700576537,16.5071018105969,6.17973766792443,90.4943031941679,83.0726767996573,34.8212258668921,0.35,94.4340553078571,"O-1a",1,89.66,"STN",0,0,"S",6791.98001331238,173.521761603829,64.6855239363084,0.35,0.35,1,10,25.5112366325513,94.4340553078571,0,0,0,0,3.59915234798458,0.0312343360762452,64.4796440929117,3.59787458386399,0.03113492403119,0,0,377.910996538381,3.27960528800575,0.35,0.35,0,0,0,8.99055555520234,8.96512336842779,92.5477879386149,2673.58363948575,1.29097833397583,149.182253712188,0.230971239952857,0.231551831184006,0,24.25198019505,0.35,0,74.8402493690606,3743.81935302208,7.85822618375136,122.442763317784,44.0793947944023,4628.33645341224,786.817197080081,2406.73495577437,61968.1770603856,1000.10632583533,600,246,355
"56","WR-15",6,2024-04-24 15:00:00,20.2,15,0.3137,0,23,207,2024-04-24 15:00:00,53,-111.52,"America/Edmonton",-7,4,24,1,2024,"STN",0,114,89.66,2024-04-24,2024-04-24 15:00:00,-7,0.510056421873745,5.15462644137711,19.6532002308477,14.4985737894706,6.28200257380275,94.4340553078571,35.7919558297798,107.1994372907,25.5112366325513,39.0165818201797,37.3571700576537,16.5071018105969,6.17973766792443,90.4943031941679,83.0726767996573,34.8212258668921,0.35,94.4340553078571,"O-1a",1,89.66,"STN",0,0,"S",6791.98001331238,173.521761603829,64.6855239363084,0.35,0.35,1,10,25.5112366325513,94.4340553078571,0,0,0,0,3.59915234798458,0.0312343360762452,64.620334807815,3.59874854367991,0.0312028585674616,0,0,377.910996538381,3.27960528800575,0.35,0.35,0,0,0,8.99055555520234,8.9825027897438,92.5477879386149,3319.21548132794,1.60273095964027,184.849272525653,0.230971239952857,0.231154764614464,0,24.25198019505,0.35,0,74.8402493690606,4492.58322362649,7.85822618375136,176.317579177609,53.874815859825,5656.85566528163,961.665463097877,2941.56494594645,75738.8830738046,1069.29179125427,600,246,355
"57","WR-15",7,2024-04-24 15:00:00,20.2,15,0.3137,0,23,207,2024-04-24 15:00:00,53,-111.52,"America/Edmonton",-7,4,24,1.16666666666667,2024,"STN",0,114,89.66,2024-04-24,2024-04-24 15:00:00,-7,0.510056421873745,5.15462644137711,19.6532002308477,14.4985737894706,6.28200257380275,94.4340553078571,35.7919558297798,107.1994372907,25.5112366325513,39.0165818201797,37.3571700576537,16.5071018105969,6.17973766792443,90.4943031941679,83.0726767996573,34.8212258668921,0.35,94.4340553078571,"O-1a",1,89.66,"STN",0,0,"S",6791.98001331238,173.521761603829,64.6855239363084,0.35,0.35,1,10,25.5112366325513,94.4340553078571,0,0,0,0,3.59915234798458,0.0312343360762452,64.6648826612636,3.59902456697675,0.0312243691395559,0,0,377.910996538381,3.27960528800575,0.35,0.35,0,0,0,8.99055555520234,8.98800575356298,92.5477879386149,3965.68334805234,1.91488727194972,220.716271446059,0.230971239952857,0.231029319409899,0,24.25198019505,0.35,0,74.8402493690606,5241.3470942309,7.85822618375136,239.987816102857,63.6702369252477,6685.37487715101,1136.51372911567,3476.39493611852,89509.5890872235,1130.52400546788,600,246,355
"58","WR-15",8,2024-04-24 15:00:00,20.2,15,0.3137,0,23,207,2024-04-24 15:00:00,53,-111.52,"America/Edmonton",-7,4,24,1.33333333333333,2024,"STN",0,114,89.66,2024-04-24,2024-04-24 15:00:00,-7,0.510056421873745,5.15462644137711,19.6532002308477,14.4985737894706,6.28200257380275,94.4340553078571,35.7919558297798,107.1994372907,25.5112366325513,39.0165818201797,37.3571700576537,16.5071018105969,6.17973766792443,90.4943031941679,83.0726767996573,34.8212258668921,0.35,94.4340553078571,"O-1a",1,89.66,"STN",0,0,"S",6791.98001331238,173.521761603829,64.6855239363084,0.35,0.35,1,10,25.5112366325513,94.4340553078571,0,0,0,0,3.59915234798458,0.0312343360762452,64.6789881496623,3.59911189566128,0.0312311801776113,0,0,377.910996538381,3.27960528800575,0.35,0.35,0,0,0,8.99055555520234,8.98974819424869,92.5477879386149,4612.41593099456,2.2271714062943,256.661421582038,0.230971239952857,0.230989626918716,0,24.25198019505,0.35,0,74.8402493690606,5990.11096483532,7.85822618375136,313.453474093527,73.4656579906705,7713.8940890204,1311.36199513347,4011.22492629061,103280.295100643,1185.75716471395,600,246,355
"59","WR-15",9,2024-04-24 15:00:00,20.2,15,0.3137,0,23,207,2024-04-24 15:00:00,53,-111.52,"America/Edmonton",-7,4,24,1.5,2024,"STN",0,114,89.66,2024-04-24,2024-04-24 15:00:00,-7,0.510056421873745,5.15462644137711,19.6532002308477,14.4985737894706,6.28200257380275,94.4340553078571,35.7919558297798,107.1994372907,25.5112366325513,39.0165818201797,37.3571700576537,16.5071018105969,6.17973766792443,90.4943031941679,83.0726767996573,34.8212258668921,0.35,94.4340553078571,"O-1a",1,89.66,"STN",0,0,"S",6791.98001331238,173.521761603829,64.6855239363084,0.35,0.35,1,10,25.5112366325513,94.4340553078571,0,0,0,0,3.59915234798458,0.0312343360762452,64.6834544659394,3.59913954007767,0.0312333368026973,0,0,377.910996538381,3.27960528800575,0.35,0.35,0,0,0,8.99055555520234,8.99029991503825,92.5477879386149,5259.2323328248,2.53949601379514,292.636056558977,0.230971239952857,0.230977061629009,0,24.25198019505,0.35,0,74.8402493690606,6738.87483543974,7.85822618375136,396.714553149621,83.2610790560933,8742.4133008898,1486.21026115127,4546.05491646269,117051.001114062,1236.27469038639,600,246,355
"60","WR-15",10,2024-04-24 15:00:00,20.2,15,0.3137,0,23,207,2024-04-24 15:00:00,53,-111.52,"America/Edmonton",-7,4,24,1.66666666666667,2024,"STN",0,114,89.66,2024-04-24,2024-04-24 15:00:00,-7,0.510056421873745,5.15462644137711,19.6532002308477,14.4985737894706,6.28200257380275,94.4340553078571,35.7919558297798,107.1994372907,25.5112366325513,39.0165818201797,37.3571700576537,16.5071018105969,6.17973766792443,90.4943031941679,83.0726767996573,34.8212258668921,0.35,94.4340553078571,"O-1a",1,89.66,"STN",0,0,"S",6791.98001331238,173.521761603829,64.6855239363084,0.35,0.35,1,10,25.5112366325513,94.4340553078571,0,0,0,0,3.59915234798458,0.0312343360762452,64.6848686658964,3.59914829260911,0.0312340196694973,0,0,377.910996538381,3.27960528800575,0.35,0.35,0,0,0,8.99055555520234,8.99047461012666,92.5477879386149,5906.07527479695,2.85183343658542,328.621533593892,0.230971239952857,0.230973083278175,0,24.25198019505,0.35,0,74.8402493690606,7487.63870604415,7.85822618375136,489.771053271136,93.0565001215159,9770.93251275916,1661.05852716906,5080.88490663476,130821.707127481,1282.97010879145,600,246,355
"61","WR-15",11,2024-04-24 15:00:00,20.2,15,0.3137,0,23,207,2024-04-24 15:00:00,53,-111.52,"America/Edmonton",-7,4,24,1.83333333333333,2024,"STN",0,114,89.66,2024-04-24,2024-04-24 15:00:00,-7,0.510056421873745,5.15462644137711,19.6532002308477,14.4985737894706,6.28200257380275,94.4340553078571,35.7919558297798,107.1994372907,25.5112366325513,39.0165818201797,37.3571700576537,16.5071018105969,6.17973766792443,90.4943031941679,83.0726767996573,34.8212258668921,0.35,94.4340553078571,"O-1a",1,89.66,"STN",0,0,"S",6791.98001331238,173.521761603829,64.6855239363084,0.35,0.35,1,10,25.5112366325513,94.4340553078571,0,0,0,0,3.59915234798458,0.0312343360762452,64.6853164536021,3.5991510639115,0.0312342358902347,0,0,377.910996538381,3.27960528800575,0.35,0.35,0,0,0,8.99055555520234,8.99052992501507,92.5477879386149,6552.9266203539,3.16417491716754,364.610921155467,0.230971239952857,0.230971823614282,0,24.25198019505,0.35,0,74.8402493690606,8236.40257664856,7.85822618375136,592.622974458075,102.851921186939,10799.4517246286,1835.90679318685,5615.71489680685,144592.4131409,1326.49342815928,600,246,355
"62","WR-15",12,2024-04-24 15:00:00,20.2,15,0.3137,0,23,207,2024-04-24 15:00:00,53,-111.52,"America/Edmonton",-7,4,24,2,2024,"STN",0,114,89.66,2024-04-24,2024-04-24 15:00:00,-7,0.510056421873745,5.15462644137711,19.6532002308477,14.4985737894706,6.28200257380275,94.4340553078571,35.7919558297798,107.1994372907,25.5112366325513,39.0165818201797,37.3571700576537,16.5071018105969,6.17973766792443,90.4943031941679,83.0726767996573,34.8212258668921,0.35,94.4340553078571,"O-1a",1,89.66,"STN",0,0,"S",6791.98001331238,173.521761603829,64.6855239363084,0.35,0.35,1,10,25.5112366325513,94.4340553078571,0,0,0,0,3.59915234798458,0.0312343360762452,64.6854582396545,3.59915194140062,0.0312343043536705,0,0,377.910996538381,3.27960528800575,0.35,0.35,0,0,0,8.99055555520234,8.99054743974264,92.5477879386149,7199.78062679479,3.47651768259577,400.601698214474,0.230971239952857,0.230971424761208,0,24.25198019505,0.35,0,74.8402493690606,8985.16644725298,7.85822618375136,705.270316710437,112.647342252361,11827.970936498,2010.75505920465,6150.54488697894,158363.119154319,1367.33401070866,600,246,355
"63","WR-16",1,2024-04-25 10:00:00,12.5,41,0.634,0,5.4,215,2024-04-25 10:00:00,53,-111.52,"America/Edmonton",-7,4,25,0.166666666666667,2024,"STN",0,115,89.45,2024-04-25,2024-04-25 10:00:00,-7,0.431714368219634,5.11881021045727,19.6825903906829,14.5637801802257,14.7143047310286,86.4211768136485,37.6197706297798,110.6224372907,3.36988729649717,40.6659776169845,8.49206948809632,1.19928628861258,13.1684856452864,86.6265916546583,5.80136690295536,15.8096381094314,0.35,86.4211768136485,"O-1a",1,89.45,"STN",0,0,"S",619.591986336328,48.8246168792471,5.90087606034598,0.35,0.35,1,1.12297249253847,3.36988729649717,86.4211768136485,0,0,0,0,2.12219177831315,3.09974308975199,4.03244172809184,1.74164243691742,2.11825045190788,0,0,222.83013672288,325.473024423959,0.35,0.35,0,0,0,2.1205951417954,1.76577351631544,4.11494836513705,23.9440499244004,12.5778617504949,10.3416183721862,0.787248030727866,0.793732329958735,0,82.661043226426,0.35,0,5.22645666932915,79.7192577916356,0.548777950279561,0.235374067547505,0.235374067547505,24.7142770924881,4.20142710572297,12.8514240880938,339.820491271961,285.88046551794,75,396,NA
"64","WR-16",2,2024-04-25 10:00:00,12.5,41,0.634,0,5.4,215,2024-04-25 10:00:00,53,-111.52,"America/Edmonton",-7,4,25,0.333333333333333,2024,"STN",0,115,89.45,2024-04-25,2024-04-25 10:00:00,-7,0.431714368219634,5.11881021045727,19.6825903906829,14.5637801802257,14.7143047310286,86.4211768136485,37.6197706297798,110.6224372907,3.36988729649717,40.6659776169845,8.49206948809632,1.19928628861258,13.1684856452864,86.6265916546583,5.80136690295536,15.8096381094314,0.35,86.4211768136485,"O-1a",1,89.45,"STN",0,0,"S",619.591986336328,48.8246168792471,5.90087606034598,0.35,0.35,1,1.12297249253847,3.36988729649717,86.4211768136485,0,0,0,0,2.12219177831315,3.09974308975199,5.30926104958412,2.01624432986425,2.78896643173571,0,0,222.83013672288,325.473024423959,0.35,0.35,0,0,0,2.1205951417954,2.0082455685976,4.11494836513705,71.8500338192317,37.7429797799468,27.285760096488,0.787248030727866,0.794275349711611,0,82.661043226426,0.35,0,5.22645666932915,159.438515583271,0.548777950279561,0.941496270190021,0.706122202642516,74.1428312774642,12.6042813171689,38.5542722642814,1019.46147381588,412.31097855253,75,396,NA
"65","WR-16",3,2024-04-25 10:00:00,12.5,41,0.634,0,5.4,215,2024-04-25 10:00:00,53,-111.52,"America/Edmonton",-7,4,25,0.5,2024,"STN",0,115,89.45,2024-04-25,2024-04-25 10:00:00,-7,0.431714368219634,5.11881021045727,19.6825903906829,14.5637801802257,14.7143047310286,86.4211768136485,37.6197706297798,110.6224372907,3.36988729649717,40.6659776169845,8.49206948809632,1.19928628861258,13.1684856452864,86.6265916546583,5.80136690295536,15.8096381094314,0.35,86.4211768136485,"O-1a",1,89.45,"STN",0,0,"S",619.591986336328,48.8246168792471,5.90087606034598,0.35,0.35,1,1.12297249253847,3.36988729649717,86.4211768136485,0,0,0,0,2.12219177831315,3.09974308975199,5.71354899462219,2.08988019769702,3.0013397727593,0,0,222.83013672288,325.473024423959,0.35,0.35,0,0,0,2.1205951417954,2.08502113589693,4.11494836513705,127.343247074534,66.8936859729137,46.5791280729372,0.787248030727866,0.789813304919423,0,82.661043226426,0.35,0,5.22645666932915,239.157773374907,0.548777950279561,2.11836660792755,1.17687033773753,123.57138546244,21.0071355286148,64.2571204404689,1699.1024563598,488.848719660413,75,396,NA
"66","WR-16",4,2024-04-25 10:00:00,12.5,41,0.634,0,5.4,215,2024-04-25 10:00:00,53,-111.52,"America/Edmonton",-7,4,25,0.666666666666667,2024,"STN",0,115,89.45,2024-04-25,2024-04-25 10:00:00,-7,0.431714368219634,5.11881021045727,19.6825903906829,14.5637801802257,14.7143047310286,86.4211768136485,37.6197706297798,110.6224372907,3.36988729649717,40.6659776169845,8.49206948809632,1.19928628861258,13.1684856452864,86.6265916546583,5.80136690295536,15.8096381094314,0.35,86.4211768136485,"O-1a",1,89.45,"STN",0,0,"S",619.591986336328,48.8246168792471,5.90087606034598,0.35,0.35,1,1.12297249253847,3.36988729649717,86.4211768136485,0,0,0,0,2.12219177831315,3.09974308975199,5.84156142343795,2.11207865613006,3.06858498136324,0,0,222.83013672288,325.473024423959,0.35,0.35,0,0,0,2.1205951417954,2.10933110349383,4.11494836513705,185.238856123075,97.3063759260515,66.9750783983431,0.787248030727866,0.788090648583853,0,82.661043226426,0.35,0,5.22645666932915,318.877031166542,0.548777950279561,3.76598508076008,1.64761847283254,172.999939647416,29.4099897400608,89.9599686166566,2378.74343890373,546.869657034753,75,396,NA
"67","WR-16",5,2024-04-25 10:00:00,12.5,41,0.634,0,5.4,215,2024-04-25 10:00:00,53,-111.52,"America/Edmonton",-7,4,25,0.833333333333333,2024,"STN",0,115,89.45,2024-04-25,2024-04-25 10:00:00,-7,0.431714368219634,5.11881021045727,19.6825903906829,14.5637801802257,14.7143047310286,86.4211768136485,37.6197706297798,110.6224372907,3.36988729649717,40.6659776169845,8.49206948809632,1.19928628861258,13.1684856452864,86.6265916546583,5.80136690295536,15.8096381094314,0.35,86.4211768136485,"O-1a",1,89.45,"STN",0,0,"S",619.591986336328,48.8246168792471,5.90087606034598,0.35,0.35,1,1.12297249253847,3.36988729649717,86.4211768136485,0,0,0,0,2.12219177831315,3.09974308975199,5.88209486533853,2.11900123499598,3.08987728697182,0,0,222.83013672288,325.473024423959,0.35,0.35,0,0,0,2.1205951417954,2.11702853309743,4.11494836513705,243.895152014355,128.118656340019,87.8622565870853,0.787248030727866,0.787517769084417,0,82.661043226426,0.35,0,5.22645666932915,398.596288958178,0.548777950279561,5.88435168868763,2.11836660792755,222.428493832392,37.8128439515067,115.662816792844,3058.38442144765,594.655331650414,75,396,NA
"68","WR-16",6,2024-04-25 10:00:00,12.5,41,0.634,0,5.4,215,2024-04-25 10:00:00,53,-111.52,"America/Edmonton",-7,4,25,1,2024,"STN",0,115,89.45,2024-04-25,2024-04-25 10:00:00,-7,0.431714368219634,5.11881021045727,19.6825903906829,14.5637801802257,14.7143047310286,86.4211768136485,37.6197706297798,110.6224372907,3.36988729649717,40.6659776169845,8.49206948809632,1.19928628861258,13.1684856452864,86.6265916546583,5.80136690295536,15.8096381094314,0.35,86.4211768136485,"O-1a",1,89.45,"STN",0,0,"S",619.591986336328,48.8246168792471,5.90087606034598,0.35,0.35,1,1.12297249253847,3.36988729649717,86.4211768136485,0,0,0,0,2.12219177831315,3.09974308975199,5.89492924343375,2.12118269671849,3.09661921383235,0,0,222.83013672288,325.473024423959,0.35,0.35,0,0,0,2.1205951417954,2.11946582233963,4.11494836513705,302.792309330031,159.057461786577,108.954286086761,0.787248030727866,0.787333730654689,0,82.661043226426,0.35,0,5.22645666932915,478.315546749813,0.548777950279561,8.47346643171019,2.58911474302256,271.857048017368,46.2156981629526,141.365664969032,3738.02540399156,635.792463594585,75,396,NA
"69","WR-16",7,2024-04-25 10:00:00,12.5,41,0.634,0,5.4,215,2024-04-25 10:00:00,53,-111.52,"America/Edmonton",-7,4,25,1.16666666666667,2024,"STN",0,115,89.45,2024-04-25,2024-04-25 10:00:00,-7,0.431714368219634,5.11881021045727,19.6825903906829,14.5637801802257,14.7143047310286,86.4211768136485,37.6197706297798,110.6224372907,3.36988729649717,40.6659776169845,8.49206948809632,1.19928628861258,13.1684856452864,86.6265916546583,5.80136690295536,15.8096381094314,0.35,86.4211768136485,"O-1a",1,89.45,"STN",0,0,"S",619.591986336328,48.8246168792471,5.90087606034598,0.35,0.35,1,1.12297249253847,3.36988729649717,86.4211768136485,0,0,0,0,2.12219177831315,3.09974308975199,5.8989930794508,2.12187238227478,3.09875395577286,0,0,222.83013672288,325.473024423959,0.35,0.35,0,0,0,2.1205951417954,2.12023755773133,4.11494836513705,361.765732228994,190.036329710702,130.12741424365,0.787248030727866,0.787275195529516,0,82.661043226426,0.35,0,5.22645666932915,558.034804541449,0.548777950279561,11.5333293098278,3.05986287811757,321.285602202345,54.6185523743987,167.068513145219,4417.66638653549,672.200655114089,75,396,NA
"70","WR-16",8,2024-04-25 10:00:00,12.5,41,0.634,0,5.4,215,2024-04-25 10:00:00,53,-111.52,"America/Edmonton",-7,4,25,1.33333333333333,2024,"STN",0,115,89.45,2024-04-25,2024-04-25 10:00:00,-7,0.431714368219634,5.11881021045727,19.6825903906829,14.5637801802257,14.7143047310286,86.4211768136485,37.6197706297798,110.6224372907,3.36988729649717,40.6659776169845,8.49206948809632,1.19928628861258,13.1684856452864,86.6265916546583,5.80136690295536,15.8096381094314,0.35,86.4211768136485,"O-1a",1,89.45,"STN",0,0,"S",619.591986336328,48.8246168792471,5.90087606034598,0.35,0.35,1,1.12297249253847,3.36988729649717,86.4211768136485,0,0,0,0,2.12219177831315,3.09974308975199,5.90027983935853,2.1220906574377,3.09942989356436,0,0,222.83013672288,325.473024423959,0.35,0.35,0,0,0,2.1205951417954,2.12048191753257,4.11494836513705,420.763303615865,221.027882888295,151.331445271403,0.787248030727866,0.787256635012431,0,82.661043226426,0.35,0,5.22645666932915,637.754062333085,0.548777950279561,15.0639403230403,3.53061101321258,370.714156387321,63.0214065858445,192.771361321407,5097.30736907941,705.041855875558,75,396,NA
"71","WR-16",9,2024-04-25 10:00:00,12.5,41,0.634,0,5.4,215,2024-04-25 10:00:00,53,-111.52,"America/Edmonton",-7,4,25,1.5,2024,"STN",0,115,89.45,2024-04-25,2024-04-25 10:00:00,-7,0.431714368219634,5.11881021045727,19.6825903906829,14.5637801802257,14.7143047310286,86.4211768136485,37.6197706297798,110.6224372907,3.36988729649717,40.6659776169845,8.49206948809632,1.19928628861258,13.1684856452864,86.6265916546583,5.80136690295536,15.8096381094314,0.35,86.4211768136485,"O-1a",1,89.45,"STN",0,0,"S",619.591986336328,48.8246168792471,5.90087606034598,0.35,0.35,1,1.12297249253847,3.36988729649717,86.4211768136485,0,0,0,0,2.12219177831315,3.09974308975199,5.90068727485868,2.1221597608941,3.09964392032296,0,0,222.83013672288,325.473024423959,0.35,0.35,0,0,0,2.1205951417954,2.1205592908306,4.11494836513705,479.768521301933,252.023452683567,172.546925980755,0.787248030727866,0.787250755452333,0,82.661043226426,0.35,0,5.22645666932915,717.47332012472,0.548777950279561,19.0652994713479,4.00135914830759,420.142710572296,71.4242607972904,218.474209497594,5776.94835162332,735.079178115084,75,396,NA
"72","WR-16",10,2024-04-25 10:00:00,12.5,41,0.634,0,5.4,215,2024-04-25 10:00:00,53,-111.52,"America/Edmonton",-7,4,25,1.66666666666667,2024,"STN",0,115,89.45,2024-04-25,2024-04-25 10:00:00,-7,0.431714368219634,5.11881021045727,19.6825903906829,14.5637801802257,14.7143047310286,86.4211768136485,37.6197706297798,110.6224372907,3.36988729649717,40.6659776169845,8.49206948809632,1.19928628861258,13.1684856452864,86.6265916546583,5.80136690295536,15.8096381094314,0.35,86.4211768136485,"O-1a",1,89.45,"STN",0,0,"S",619.591986336328,48.8246168792471,5.90087606034598,0.35,0.35,1,1.12297249253847,3.36988729649717,86.4211768136485,0,0,0,0,2.12219177831315,3.09974308975199,5.90081628391918,2.12218164053814,3.09971168906436,0,0,222.83013672288,325.473024423959,0.35,0.35,0,0,0,2.1205951417954,2.12058379006172,4.11494836513705,538.776160087475,283.020294287683,193.766560469473,0.787248030727866,0.787248893505051,0,82.661043226426,0.35,0,5.22645666932915,797.192577916356,0.548777950279561,23.5374067547505,4.4721072834026,469.571264757273,79.8271150087365,244.177057673782,6456.58933416726,762.843905525467,75,396,NA
"73","WR-16",11,2024-04-25 10:00:00,12.5,41,0.634,0,5.4,215,2024-04-25 10:00:00,53,-111.52,"America/Edmonton",-7,4,25,1.83333333333333,2024,"STN",0,115,89.45,2024-04-25,2024-04-25 10:00:00,-7,0.431714368219634,5.11881021045727,19.6825903906829,14.5637801802257,14.7143047310286,86.4211768136485,37.6197706297798,110.6224372907,3.36988729649717,40.6659776169845,8.49206948809632,1.19928628861258,13.1684856452864,86.6265916546583,5.80136690295536,15.8096381094314,0.35,86.4211768136485,"O-1a",1,89.45,"STN",0,0,"S",619.591986336328,48.8246168792471,5.90087606034598,0.35,0.35,1,1.12297249253847,3.36988729649717,86.4211768136485,0,0,0,0,2.12219177831315,3.09974308975199,5.90085713293132,2.12218856833256,3.09973314713971,0,0,222.83013672288,325.473024423959,0.35,0.35,0,0,0,2.1205951417954,2.12059154741912,4.11494836513705,597.784565482134,314.017538593244,214.987677656523,0.787248030727866,0.787248303917778,0,82.661043226426,0.35,0,5.22645666932915,876.911835707991,0.548777950279561,28.4802621732481,4.94285541849761,518.999818942249,88.2299692201823,269.879905849969,7136.23031671117,788.722527872532,75,396,NA
"74","WR-16",12,2024-04-25 10:00:00,12.5,41,0.634,0,5.4,215,2024-04-25 10:00:00,53,-111.52,"America/Edmonton",-7,4,25,2,2024,"STN",0,115,89.45,2024-04-25,2024-04-25 10:00:00,-7,0.431714368219634,5.11881021045727,19.6825903906829,14.5637801802257,14.7143047310286,86.4211768136485,37.6197706297798,110.6224372907,3.36988729649717,40.6659776169845,8.49206948809632,1.19928628861258,13.1684856452864,86.6265916546583,5.80136690295536,15.8096381094314,0.35,86.4211768136485,"O-1a",1,89.45,"STN",0,0,"S",619.591986336328,48.8246168792471,5.90087606034598,0.35,0.35,1,1.12297249253847,3.36988729649717,86.4211768136485,0,0,0,0,2.12219177831315,3.09974308975199,5.90087006723055,2.12219076191644,3.09973994155536,0,0,222.83013672288,325.473024423959,0.35,0.35,0,0,0,2.1205951417954,2.1205940036837,4.11494836513705,656.793213613426,345.014910408888,236.209317361566,0.787248030727866,0.787248117230132,0,82.661043226426,0.35,0,5.22645666932915,956.631093499627,0.548777950279561,33.8938657268408,5.41360355359262,568.428373127225,96.6328234316282,295.582754026157,7815.87129925509,813.006016071062,75,396,NA
"75","WR-16",13,2024-04-25 10:00:00,12.5,41,0.634,0,5.4,215,2024-04-25 10:00:00,53,-111.52,"America/Edmonton",-7,4,25,2.16666666666667,2024,"STN",0,115,89.45,2024-04-25,2024-04-25 10:00:00,-7,0.431714368219634,5.11881021045727,19.6825903906829,14.5637801802257,14.7143047310286,86.4211768136485,37.6197706297798,110.6224372907,3.36988729649717,40.6659776169845,8.49206948809632,1.19928628861258,13.1684856452864,86.6265916546583,5.80136690295536,15.8096381094314,0.35,86.4211768136485,"O-1a",1,89.45,"STN",0,0,"S",619.591986336328,48.8246168792471,5.90087606034598,0.35,0.35,1,1.12297249253847,3.36988729649717,86.4211768136485,0,0,0,0,2.12219177831315,3.09974308975199,5.90087416270527,2.12219145648469,3.09974209291718,0,0,222.83013672288,325.473024423959,0.35,0.35,0,0,0,2.1205951417954,2.12059478142739,4.11494836513705,715.801938604062,376.012322598914,257.43113931179,0.787248030727866,0.787248058117693,0,82.661043226426,0.35,0,5.22645666932915,1036.35035129126,0.548777950279561,39.7782174155284,5.88435168868763,617.856927312201,105.035677643074,321.285602202345,8495.51228179901,835.919552183007,75,396,NA
"76","WR-16",14,2024-04-25 10:00:00,12.5,41,0.634,0,5.4,215,2024-04-25 10:00:00,53,-111.52,"America/Edmonton",-7,4,25,2.33333333333333,2024,"STN",0,115,89.45,2024-04-25,2024-04-25 10:00:00,-7,0.431714368219634,5.11881021045727,19.6825903906829,14.5637801802257,14.7143047310286,86.4211768136485,37.6197706297798,110.6224372907,3.36988729649717,40.6659776169845,8.49206948809632,1.19928628861258,13.1684856452864,86.6265916546583,5.80136690295536,15.8096381094314,0.35,86.4211768136485,"O-1a",1,89.45,"STN",0,0,"S",619.591986336328,48.8246168792471,5.90087606034598,0.35,0.35,1,1.12297249253847,3.36988729649717,86.4211768136485,0,0,0,0,2.12219177831315,3.09974308975199,5.90087545948316,2.12219167641044,3.09974277411744,0,0,222.83013672288,325.473024423959,0.35,0.35,0,0,0,2.1205951417954,2.12059502768963,4.11494836513705,774.810687931193,407.009747572954,278.653024286237,0.787248030727866,0.787248039400496,0,82.661043226426,0.35,0,5.22645666932915,1116.0696090829,0.548777950279561,46.133317239311,6.35509982378266,667.285481497179,113.43853185452,346.988450378533,9175.15326434296,857.641396553819,75,396,NA
"77","WR-16",15,2024-04-25 10:00:00,12.5,41,0.634,0,5.4,215,2024-04-25 10:00:00,53,-111.52,"America/Edmonton",-7,4,25,2.5,2024,"STN",0,115,89.45,2024-04-25,2024-04-25 10:00:00,-7,0.431714368219634,5.11881021045727,19.6825903906829,14.5637801802257,14.7143047310286,86.4211768136485,37.6197706297798,110.6224372907,3.36988729649717,40.6659776169845,8.49206948809632,1.19928628861258,13.1684856452864,86.6265916546583,5.80136690295536,15.8096381094314,0.35,86.4211768136485,"O-1a",1,89.45,"STN",0,0,"S",619.591986336328,48.8246168792471,5.90087606034598,0.35,0.35,1,1.12297249253847,3.36988729649717,86.4211768136485,0,0,0,0,2.12219177831315,3.09974308975199,5.90087587009072,2.122191746047,3.09974298981049,0,0,222.83013672288,325.473024423959,0.35,0.35,0,0,0,2.1205951417954,2.12059510566532,4.11494836513705,833.819444964152,438.007176594882,299.874930900591,0.787248030727866,0.78724803347394,0,82.661043226426,0.35,0,5.22645666932915,1195.78886687453,0.548777950279561,52.9591651981887,6.82584795887765,716.714035682153,121.841386065966,372.69129855472,9854.79424688686,878.315364345668,75,396,NA
"78","WR-16",16,2024-04-25 10:00:00,12.5,41,0.634,0,5.4,215,2024-04-25 10:00:00,53,-111.52,"America/Edmonton",-7,4,25,2.66666666666667,2024,"STN",0,115,89.45,2024-04-25,2024-04-25 10:00:00,-7,0.431714368219634,5.11881021045727,19.6825903906829,14.5637801802257,14.7143047310286,86.4211768136485,37.6197706297798,110.6224372907,3.36988729649717,40.6659776169845,8.49206948809632,1.19928628861258,13.1684856452864,86.6265916546583,5.80136690295536,15.8096381094314,0.35,86.4211768136485,"O-1a",1,89.45,"STN",0,0,"S",619.591986336328,48.8246168792471,5.90087606034598,0.35,0.35,1,1.12297249253847,3.36988729649717,86.4211768136485,0,0,0,0,2.12219177831315,3.09974308975199,5.90087600010417,2.1221917680965,3.09974305810684,0,0,222.83013672288,325.473024423959,0.35,0.35,0,0,0,2.1205951417954,2.12059513035528,4.11494836513705,892.82820443706,469.00460689852,321.096844900191,0.787248030727866,0.787248031597375,0,82.661043226426,0.35,0,5.22645666932915,1275.50812466617,0.548777950279561,60.2557612921614,7.29659609397266,766.142589867129,130.244240277412,398.394146730907,10534.4352294308,898.0593632747,75,396,NA
"79","WR-16",17,2024-04-25 10:00:00,12.5,41,0.634,0,5.4,215,2024-04-25 10:00:00,53,-111.52,"America/Edmonton",-7,4,25,2.83333333333333,2024,"STN",0,115,89.45,2024-04-25,2024-04-25 10:00:00,-7,0.431714368219634,5.11881021045727,19.6825903906829,14.5637801802257,14.7143047310286,86.4211768136485,37.6197706297798,110.6224372907,3.36988729649717,40.6659776169845,8.49206948809632,1.19928628861258,13.1684856452864,86.6265916546583,5.80136690295536,15.8096381094314,0.35,86.4211768136485,"O-1a",1,89.45,"STN",0,0,"S",619.591986336328,48.8246168792471,5.90087606034598,0.35,0.35,1,1.12297249253847,3.36988729649717,86.4211768136485,0,0,0,0,2.12219177831315,3.09974308975199,5.90087604127121,2.12219177507818,3.09974307973197,0,0,222.83013672288,325.473024423959,0.35,0.35,0,0,0,2.1205951417954,2.12059513817304,4.11494836513705,951.836964682546,500.002037607996,342.318761407081,0.787248030727866,0.787248031003185,0,82.661043226426,0.35,0,5.22645666932915,1355.2273824578,0.548777950279561,68.023105521229,7.76734422906767,815.571144052106,138.647094488858,424.096994907095,11214.0762119747,916.971407423979,75,396,NA
"80","WR-16",18,2024-04-25 10:00:00,12.5,41,0.634,0,5.4,215,2024-04-25 10:00:00,53,-111.52,"America/Edmonton",-7,4,25,3,2024,"STN",0,115,89.45,2024-04-25,2024-04-25 10:00:00,-7,0.431714368219634,5.11881021045727,19.6825903906829,14.5637801802257,14.7143047310286,86.4211768136485,37.6197706297798,110.6224372907,3.36988729649717,40.6659776169845,8.49206948809632,1.19928628861258,13.1684856452864,86.6265916546583,5.80136690295536,15.8096381094314,0.35,86.4211768136485,"O-1a",1,89.45,"STN",0,0,"S",619.591986336328,48.8246168792471,5.90087606034598,0.35,0.35,1,1.12297249253847,3.36988729649717,86.4211768136485,0,0,0,0,2.12219177831315,3.09974308975199,5.90087605430621,2.12219177728884,3.09974308657929,0,0,222.83013672288,325.473024423959,0.35,0.35,0,0,0,2.1205951417954,2.12059514064842,4.11494836513705,1010.84572517266,530.999468445974,363.540678761335,0.787248030727866,0.787248030815043,0,82.661043226426,0.35,0,5.22645666932915,1434.94664024944,0.548777950279561,76.2611978853917,8.23809236416267,864.99969823708,147.049948700304,449.799843083282,11893.7171945186,935.133959496762,75,396,NA
