"","ID","TIME","TEMP","RH","PREC","WD","WS","FUELTYPE","LAT","LONG","TZ_LOC","MON","DAY","HR","YR","PERCENT_CURED","MINUTE","DATE","TIMESTAMP","TIMEZONE","SOLRAD","SUNRISE","SUNSET","SUNLIGHT_HOURS"
"1","FLNRO-WMB 394 ROCK CREEK",2024-09-10,13.2,48,0,247,7.4,"O-1b",49.054,-118.98133,"America/Los_Angeles",9,10,0,2024,100,0,2024-09-10,2024-09-10,-8,5.31187850550824e-17,5.39503837240184,18.3763733925427,12.9813350201408
"2","FLNRO-WMB 394 ROCK CREEK",2024-09-10 01:00:00,12.9,54,0,236,7.1,"O-1b",49.054,-118.98133,"America/Los_Angeles",9,10,1,2024,100,0,2024-09-10,2024-09-10 01:00:00,-8,5.31187850550824e-17,5.39503837240184,18.3763733925427,12.9813350201408
"3","FLNRO-WMB 394 ROCK CREEK",2024-09-10 02:00:00,10.9,67,0,304,6.8,"O-1b",49.054,-118.98133,"America/Los_Angeles",9,10,2,2024,100,0,2024-09-10,2024-09-10 02:00:00,-8,5.31187850550824e-17,5.39503837240184,18.3763733925427,12.9813350201408
"4","FLNRO-WMB 394 ROCK CREEK",2024-09-10 03:00:00,10.3,68,0,315,6.4,"O-1b",49.054,-118.98133,"America/Los_Angeles",9,10,3,2024,100,0,2024-09-10,2024-09-10 03:00:00,-8,5.31187850550824e-17,5.39503837240184,18.3763733925427,12.9813350201408
"5","FLNRO-WMB 394 ROCK CREEK",2024-09-10 04:00:00,9.8,73.5,0,288,4.35,"O-1b",49.054,-118.98133,"America/Los_Angeles",9,10,4,2024,100,0,2024-09-10,2024-09-10 04:00:00,-8,5.31187850550824e-17,5.39503837240184,18.3763733925427,12.9813350201408
"6","FLNRO-WMB 394 ROCK CREEK",2024-09-10 05:00:00,7.7,79,0,261,2.3,"O-1b",49.054,-118.98133,"America/Los_Angeles",9,10,5,2024,100,0,2024-09-10,2024-09-10 05:00:00,-8,5.31187850550824e-17,5.39503837240184,18.3763733925427,12.9813350201408
"7","FLNRO-WMB 394 ROCK CREEK",2024-09-10 06:00:00,10.4,77,0,302,5.5,"O-1b",49.054,-118.98133,"America/Los_Angeles",9,10,6,2024,100,0,2024-09-10,2024-09-10 06:00:00,-8,0.0768512591199521,5.39503837240184,18.3763733925427,12.9813350201408
"8","FLNRO-WMB 394 ROCK CREEK",2024-09-10 07:00:00,13.5,88,0,296,2.7,"O-1b",49.054,-118.98133,"America/Los_Angeles",9,10,7,2024,100,0,2024-09-10,2024-09-10 07:00:00,-8,0.222738488672592,5.39503837240184,18.3763733925427,12.9813350201408
"9","FLNRO-WMB 394 ROCK CREEK",2024-09-10 08:00:00,14.7,77,0,118,2,"O-1b",49.054,-118.98133,"America/Los_Angeles",9,10,8,2024,100,0,2024-09-10,2024-09-10 08:00:00,-8,0.357529459126277,5.39503837240184,18.3763733925427,12.9813350201408
"10","FLNRO-WMB 394 ROCK CREEK",2024-09-10 09:00:00,17.5,64,0,117,3.1,"O-1b",49.054,-118.98133,"America/Los_Angeles",9,10,9,2024,100,0,2024-09-10,2024-09-10 09:00:00,-8,0.4720383885972,5.39503837240184,18.3763733925427,12.9813350201408
"11","FLNRO-WMB 394 ROCK CREEK",2024-09-10 10:00:00,21,58,0,298,2.6,"O-1b",49.054,-118.98133,"America/Los_Angeles",9,10,10,2024,100,0,2024-09-10,2024-09-10 10:00:00,-8,0.55846168277687,5.39503837240184,18.3763733925427,12.9813350201408
"12","FLNRO-WMB 394 ROCK CREEK",2024-09-10 11:00:00,22.7,49,0,326,5.4,"O-1b",49.054,-118.98133,"America/Los_Angeles",9,10,11,2024,100,0,2024-09-10,2024-09-10 11:00:00,-8,0.610909736988189,5.39503837240184,18.3763733925427,12.9813350201408
"13","FLNRO-WMB 394 ROCK CREEK",2024-09-10 12:00:00,24.9,41,0,299,6.1,"O-1b",49.054,-118.98133,"America/Los_Angeles",9,10,12,2024,100,0,2024-09-10,2024-09-10 12:00:00,-8,0.625808303011164,5.39503837240184,18.3763733925427,12.9813350201408
"14","FLNRO-WMB 394 ROCK CREEK",2024-09-10 13:00:00,25.7,37,0,341,4.5,"O-1b",49.054,-118.98133,"America/Los_Angeles",9,10,13,2024,100,0,2024-09-10,2024-09-10 13:00:00,-8,0.602142068192373,5.39503837240184,18.3763733925427,12.9813350201408
"15","FLNRO-WMB 394 ROCK CREEK",2024-09-10 14:00:00,27.2,27,0,68,6.4,"O-1b",49.054,-118.98133,"America/Los_Angeles",9,10,14,2024,100,0,2024-09-10,2024-09-10 14:00:00,-8,0.541523847324415,5.39503837240184,18.3763733925427,12.9813350201408
"16","FLNRO-WMB 394 ROCK CREEK",2024-09-10 15:00:00,25.9,29,0,77,6.2,"O-1b",49.054,-118.98133,"America/Los_Angeles",9,10,15,2024,100,0,2024-09-10,2024-09-10 15:00:00,-8,0.448084671983095,5.39503837240184,18.3763733925427,12.9813350201408
"17","FLNRO-WMB 394 ROCK CREEK",2024-09-10 16:00:00,25,26,0,332,4.4,"O-1b",49.054,-118.98133,"America/Los_Angeles",9,10,16,2024,100,0,2024-09-10,2024-09-10 16:00:00,-8,0.328192267552384,5.39503837240184,18.3763733925427,12.9813350201408
"18","FLNRO-WMB 394 ROCK CREEK",2024-09-10 17:00:00,21.9,25,0,299,4.9,"O-1b",49.054,-118.98133,"America/Los_Angeles",9,10,17,2024,100,0,2024-09-10,2024-09-10 17:00:00,-8,0.190017103262671,5.39503837240184,18.3763733925427,12.9813350201408
"19","FLNRO-WMB 394 ROCK CREEK",2024-09-10 18:00:00,17.3,29,0,294,7,"O-1b",49.054,-118.98133,"America/Los_Angeles",9,10,18,2024,100,0,2024-09-10,2024-09-10 18:00:00,-8,0.0429755882150425,5.39503837240184,18.3763733925427,12.9813350201408
"20","FLNRO-WMB 394 ROCK CREEK",2024-09-10 19:00:00,13.9,36,0,240,4,"O-1b",49.054,-118.98133,"America/Los_Angeles",9,10,19,2024,100,0,2024-09-10,2024-09-10 19:00:00,-8,5.31187850550824e-17,5.39503837240184,18.3763733925427,12.9813350201408
"21","FLNRO-WMB 394 ROCK CREEK",2024-09-10 20:00:00,11.5,48,0,279,3,"O-1b",49.054,-118.98133,"America/Los_Angeles",9,10,20,2024,100,0,2024-09-10,2024-09-10 20:00:00,-8,5.31187850550824e-17,5.39503837240184,18.3763733925427,12.9813350201408
"22","FLNRO-WMB 394 ROCK CREEK",2024-09-10 21:00:00,10.7,57,0,290,3.4,"O-1b",49.054,-118.98133,"America/Los_Angeles",9,10,21,2024,100,0,2024-09-10,2024-09-10 21:00:00,-8,5.31187850550824e-17,5.39503837240184,18.3763733925427,12.9813350201408
"23","FLNRO-WMB 394 ROCK CREEK",2024-09-10 22:00:00,10.3,65,0,239,1.9,"O-1b",49.054,-118.98133,"America/Los_Angeles",9,10,22,2024,100,0,2024-09-10,2024-09-10 22:00:00,-8,5.31187850550824e-17,5.39503837240184,18.3763733925427,12.9813350201408
"24","FLNRO-WMB 394 ROCK CREEK",2024-09-10 23:00:00,10.5,68,0,218,2.8,"O-1b",49.054,-118.98133,"America/Los_Angeles",9,10,23,2024,100,0,2024-09-10,2024-09-10 23:00:00,-8,5.31187850550824e-17,5.39503837240184,18.3763733925427,12.9813350201408
"25","FLNRO-WMB 394 ROCK CREEK",2024-09-11,10.7,69.5,0,249,2.55,"O-1b",49.054,-118.98133,"America/Los_Angeles",9,11,0,2024,100,0,2024-09-11,2024-09-11,-8,3.34401191661753e-17,5.41843991990309,18.3406717198098,12.9222317999067
"26","FLNRO-WMB 394 ROCK CREEK",2024-09-11 01:00:00,10.8,71,0,280,2.3,"O-1b",49.054,-118.98133,"America/Los_Angeles",9,11,1,2024,100,0,2024-09-11,2024-09-11 01:00:00,-8,3.34401191661753e-17,5.41843991990309,18.3406717198098,12.9222317999067
"27","FLNRO-WMB 394 ROCK CREEK",2024-09-11 02:00:00,10.9,73,0,297,5.3,"O-1b",49.054,-118.98133,"America/Los_Angeles",9,11,2,2024,100,0,2024-09-11,2024-09-11 02:00:00,-8,3.34401191661753e-17,5.41843991990309,18.3406717198098,12.9222317999067
"28","FLNRO-WMB 394 ROCK CREEK",2024-09-11 03:00:00,10.9,73,0,243.5,3.5,"O-1b",49.054,-118.98133,"America/Los_Angeles",9,11,3,2024,100,0,2024-09-11,2024-09-11 03:00:00,-8,3.34401191661753e-17,5.41843991990309,18.3406717198098,12.9222317999067
"29","FLNRO-WMB 394 ROCK CREEK",2024-09-11 04:00:00,10.4,73,0,190,1.7,"O-1b",49.054,-118.98133,"America/Los_Angeles",9,11,4,2024,100,0,2024-09-11,2024-09-11 04:00:00,-8,3.34401191661753e-17,5.41843991990309,18.3406717198098,12.9222317999067
"30","FLNRO-WMB 394 ROCK CREEK",2024-09-11 05:00:00,10.8,73,0,154,2.1,"O-1b",49.054,-118.98133,"America/Los_Angeles",9,11,5,2024,100,0,2024-09-11,2024-09-11 05:00:00,-8,3.34401191661753e-17,5.41843991990309,18.3406717198098,12.9222317999067
"31","FLNRO-WMB 394 ROCK CREEK",2024-09-11 06:00:00,12.4,90,0,307,4.6,"O-1b",49.054,-118.98133,"America/Los_Angeles",9,11,6,2024,100,0,2024-09-11,2024-09-11 06:00:00,-8,0.0462497228287695,5.41843991990309,18.3406717198098,12.9222317999067
"32","FLNRO-WMB 394 ROCK CREEK",2024-09-11 07:00:00,13.5,91,0,311,3.7,"O-1b",49.054,-118.98133,"America/Los_Angeles",9,11,7,2024,100,0,2024-09-11,2024-09-11 07:00:00,-8,0.138120312611684,5.41843991990309,18.3406717198098,12.9222317999067
"33","FLNRO-WMB 394 ROCK CREEK",2024-09-11 08:00:00,14.3,84,0,326,3.4,"O-1b",49.054,-118.98133,"America/Los_Angeles",9,11,8,2024,100,0,2024-09-11,2024-09-11 08:00:00,-8,0.222963875096612,5.41843991990309,18.3406717198098,12.9222317999067
"34","FLNRO-WMB 394 ROCK CREEK",2024-09-11 09:00:00,14.7,73,0,85,3.8,"O-1b",49.054,-118.98133,"America/Los_Angeles",9,11,9,2024,100,0,2024-09-11,2024-09-11 09:00:00,-8,0.294998461710822,5.41843991990309,18.3406717198098,12.9222317999067
"35","FLNRO-WMB 394 ROCK CREEK",2024-09-11 10:00:00,16.6,70,0,121,4.2,"O-1b",49.054,-118.98133,"America/Los_Angeles",9,11,10,2024,100,0,2024-09-11,2024-09-11 10:00:00,-8,0.349315034419338,5.41843991990309,18.3406717198098,12.9222317999067
"36","FLNRO-WMB 394 ROCK CREEK",2024-09-11 11:00:00,19.1,77,0.2,256,4.2,"O-1b",49.054,-118.98133,"America/Los_Angeles",9,11,11,2024,100,0,2024-09-11,2024-09-11 11:00:00,-8,0.382212008554455,5.41843991990309,18.3406717198098,12.9222317999067
"37","FLNRO-WMB 394 ROCK CREEK",2024-09-11 12:00:00,19.3,64,0,85,3,"O-1b",49.054,-118.98133,"America/Los_Angeles",9,11,12,2024,100,0,2024-09-11,2024-09-11 12:00:00,-8,0.391447509693686,5.41843991990309,18.3406717198098,12.9222317999067
"38","FLNRO-WMB 394 ROCK CREEK",2024-09-11 13:00:00,19.2,57,0,280,6.2,"O-1b",49.054,-118.98133,"America/Los_Angeles",9,11,13,2024,100,0,2024-09-11,2024-09-11 13:00:00,-8,0.37639215369678,5.41843991990309,18.3406717198098,12.9222317999067
"39","FLNRO-WMB 394 ROCK CREEK",2024-09-11 14:00:00,18,51,0,242,9.4,"O-1b",49.054,-118.98133,"America/Los_Angeles",9,11,14,2024,100,0,2024-09-11,2024-09-11 14:00:00,-8,0.338071938194772,5.41843991990309,18.3406717198098,12.9222317999067
"40","FLNRO-WMB 394 ROCK CREEK",2024-09-11 15:00:00,18.3,50,0,250,6.9,"O-1b",49.054,-118.98133,"America/Los_Angeles",9,11,15,2024,100,0,2024-09-11,2024-09-11 15:00:00,-8,0.279098322546975,5.41843991990309,18.3406717198098,12.9222317999067
"41","FLNRO-WMB 394 ROCK CREEK",2024-09-11 16:00:00,17.3,62,0,243,9,"O-1b",49.054,-118.98133,"America/Los_Angeles",9,11,16,2024,100,0,2024-09-11,2024-09-11 16:00:00,-8,0.203490261201279,5.41843991990309,18.3406717198098,12.9222317999067
"42","FLNRO-WMB 394 ROCK CREEK",2024-09-11 17:00:00,17.1,73,0,254,6.4,"O-1b",49.054,-118.98133,"America/Los_Angeles",9,11,17,2024,100,0,2024-09-11,2024-09-11 17:00:00,-8,0.116400318590162,5.41843991990309,18.3406717198098,12.9222317999067
"43","FLNRO-WMB 394 ROCK CREEK",2024-09-11 18:00:00,15.3,72,0,287,7.5,"O-1b",49.054,-118.98133,"America/Los_Angeles",9,11,18,2024,100,0,2024-09-11,2024-09-11 18:00:00,-8,0.0237635303796386,5.41843991990309,18.3406717198098,12.9222317999067
"44","FLNRO-WMB 394 ROCK CREEK",2024-09-11 19:00:00,14.8,71,0,267,4.3,"O-1b",49.054,-118.98133,"America/Los_Angeles",9,11,19,2024,100,0,2024-09-11,2024-09-11 19:00:00,-8,3.34401191661753e-17,5.41843991990309,18.3406717198098,12.9222317999067
"45","FLNRO-WMB 394 ROCK CREEK",2024-09-11 20:00:00,14.3,78,0,234,6.5,"O-1b",49.054,-118.98133,"America/Los_Angeles",9,11,20,2024,100,0,2024-09-11,2024-09-11 20:00:00,-8,3.34401191661753e-17,5.41843991990309,18.3406717198098,12.9222317999067
"46","FLNRO-WMB 394 ROCK CREEK",2024-09-11 21:00:00,14.3,82,0,259,5.5,"O-1b",49.054,-118.98133,"America/Los_Angeles",9,11,21,2024,100,0,2024-09-11,2024-09-11 21:00:00,-8,3.34401191661753e-17,5.41843991990309,18.3406717198098,12.9222317999067
"47","FLNRO-WMB 394 ROCK CREEK",2024-09-11 22:00:00,14.6,83,0,264,5.7,"O-1b",49.054,-118.98133,"America/Los_Angeles",9,11,22,2024,100,0,2024-09-11,2024-09-11 22:00:00,-8,3.34401191661753e-17,5.41843991990309,18.3406717198098,12.9222317999067
"48","FLNRO-WMB 394 ROCK CREEK",2024-09-11 23:00:00,14.65,83,0,265,6.2,"O-1b",49.054,-118.98133,"America/Los_Angeles",9,11,23,2024,100,0,2024-09-11,2024-09-11 23:00:00,-8,3.34401191661753e-17,5.41843991990309,18.3406717198098,12.9222317999067
"49","FLNRO-WMB 394 ROCK CREEK",2024-09-12,14.7,79,0,269,6.9,"O-1b",49.054,-118.98133,"America/Los_Angeles",9,12,0,2024,100,0,2024-09-12,2024-09-12,-8,4.99173146210038e-17,5.44184731095658,18.3048884150315,12.8630411040749
"50","FLNRO-WMB 394 ROCK CREEK",2024-09-12 01:00:00,12.7,71,0,241,8.5,"O-1b",49.054,-118.98133,"America/Los_Angeles",9,12,1,2024,100,0,2024-09-12,2024-09-12 01:00:00,-8,4.99173146210038e-17,5.44184731095658,18.3048884150315,12.8630411040749
"51","FLNRO-WMB 394 ROCK CREEK",2024-09-12 02:00:00,12.3,69,0,232,9.7,"O-1b",49.054,-118.98133,"America/Los_Angeles",9,12,2,2024,100,0,2024-09-12,2024-09-12 02:00:00,-8,4.99173146210038e-17,5.44184731095658,18.3048884150315,12.8630411040749
"52","FLNRO-WMB 394 ROCK CREEK",2024-09-12 03:00:00,9.7,79,0,254,6.8,"O-1b",49.054,-118.98133,"America/Los_Angeles",9,12,3,2024,100,0,2024-09-12,2024-09-12 03:00:00,-8,4.99173146210038e-17,5.44184731095658,18.3048884150315,12.8630411040749
"53","FLNRO-WMB 394 ROCK CREEK",2024-09-12 04:00:00,7.3,77,0,239,8.7,"O-1b",49.054,-118.98133,"America/Los_Angeles",9,12,4,2024,100,0,2024-09-12,2024-09-12 04:00:00,-8,4.99173146210038e-17,5.44184731095658,18.3048884150315,12.8630411040749
"54","FLNRO-WMB 394 ROCK CREEK",2024-09-12 05:00:00,6.6,87,0,295,7.5,"O-1b",49.054,-118.98133,"America/Los_Angeles",9,12,5,2024,100,0,2024-09-12,2024-09-12 05:00:00,-8,4.99173146210038e-17,5.44184731095658,18.3048884150315,12.8630411040749
"55","FLNRO-WMB 394 ROCK CREEK",2024-09-12 06:00:00,9.5,97,0,142,2.8,"O-1b",49.054,-118.98133,"America/Los_Angeles",9,12,6,2024,100,0,2024-09-12,2024-09-12 06:00:00,-8,0.0658462805682547,5.44184731095658,18.3048884150315,12.8630411040749
"56","FLNRO-WMB 394 ROCK CREEK",2024-09-12 07:00:00,13.6,98,0,243,3.2,"O-1b",49.054,-118.98133,"America/Los_Angeles",9,12,7,2024,100,0,2024-09-12,2024-09-12 07:00:00,-8,0.203022668534831,5.44184731095658,18.3048884150315,12.8630411040749
"57","FLNRO-WMB 394 ROCK CREEK",2024-09-12 08:00:00,18.2,83,0,294,9.1,"O-1b",49.054,-118.98133,"America/Los_Angeles",9,12,8,2024,100,0,2024-09-12,2024-09-12 08:00:00,-8,0.329647587976392,5.44184731095658,18.3048884150315,12.8630411040749
"58","FLNRO-WMB 394 ROCK CREEK",2024-09-12 09:00:00,19.3,65,0,289,8.7,"O-1b",49.054,-118.98133,"America/Los_Angeles",9,12,9,2024,100,0,2024-09-12,2024-09-12 09:00:00,-8,0.437091759890569,5.44184731095658,18.3048884150315,12.8630411040749
"59","FLNRO-WMB 394 ROCK CREEK",2024-09-12 10:00:00,20.4,55,0,293.5,11.45,"O-1b",49.054,-118.98133,"America/Los_Angeles",9,12,10,2024,100,0,2024-09-12,2024-09-12 10:00:00,-8,0.5180330415213,5.44184731095658,18.3048884150315,12.8630411040749
"60","FLNRO-WMB 394 ROCK CREEK",2024-09-12 11:00:00,21.9,45,0,298,14.2,"O-1b",49.054,-118.98133,"America/Los_Angeles",9,12,11,2024,100,0,2024-09-12,2024-09-12 11:00:00,-8,0.566955418287244,5.44184731095658,18.3048884150315,12.8630411040749
"61","FLNRO-WMB 394 ROCK CREEK",2024-09-12 12:00:00,22.9,40,0,304,10.4,"O-1b",49.054,-118.98133,"America/Los_Angeles",9,12,12,2024,100,0,2024-09-12,2024-09-12 12:00:00,-8,0.58052491105985,5.44184731095658,18.3048884150315,12.8630411040749
"62","FLNRO-WMB 394 ROCK CREEK",2024-09-12 13:00:00,24,37,0,323,10.9,"O-1b",49.054,-118.98133,"America/Los_Angeles",9,12,13,2024,100,0,2024-09-12,2024-09-12 13:00:00,-8,0.557816781331315,5.44184731095658,18.3048884150315,12.8630411040749
"63","FLNRO-WMB 394 ROCK CREEK",2024-09-12 14:00:00,23.7,33,0,299,15.7,"O-1b",49.054,-118.98133,"America/Los_Angeles",9,12,14,2024,100,0,2024-09-12,2024-09-12 14:00:00,-8,0.500378550615677,5.44184731095658,18.3048884150315,12.8630411040749
"64","FLNRO-WMB 394 ROCK CREEK",2024-09-12 15:00:00,22,32,0,347,10.1,"O-1b",49.054,-118.98133,"America/Los_Angeles",9,12,15,2024,100,0,2024-09-12,2024-09-12 15:00:00,-8,0.412124539415044,5.44184731095658,18.3048884150315,12.8630411040749
"65","FLNRO-WMB 394 ROCK CREEK",2024-09-12 16:00:00,21.2,32,0,299,13.6,"O-1b",49.054,-118.98133,"America/Los_Angeles",9,12,16,2024,100,0,2024-09-12,2024-09-12 16:00:00,-8,0.29906911274609,5.44184731095658,18.3048884150315,12.8630411040749
"66","FLNRO-WMB 394 ROCK CREEK",2024-09-12 17:00:00,19.6,36,0,289,11.3,"O-1b",49.054,-118.98133,"America/Los_Angeles",9,12,17,2024,100,0,2024-09-12,2024-09-12 17:00:00,-8,0.168916811103377,5.44184731095658,18.3048884150315,12.8630411040749
"67","FLNRO-WMB 394 ROCK CREEK",2024-09-12 18:00:00,16.3,39,0,290,5.8,"O-1b",49.054,-118.98133,"America/Los_Angeles",9,12,18,2024,100,0,2024-09-12,2024-09-12 18:00:00,-8,0.0305372987570083,5.44184731095658,18.3048884150315,12.8630411040749
"68","FLNRO-WMB 394 ROCK CREEK",2024-09-12 19:00:00,13.5,45,0,242,7.1,"O-1b",49.054,-118.98133,"America/Los_Angeles",9,12,19,2024,100,0,2024-09-12,2024-09-12 19:00:00,-8,4.99173146210038e-17,5.44184731095658,18.3048884150315,12.8630411040749
"69","FLNRO-WMB 394 ROCK CREEK",2024-09-12 20:00:00,10.5,57,0,293,3.3,"O-1b",49.054,-118.98133,"America/Los_Angeles",9,12,20,2024,100,0,2024-09-12,2024-09-12 20:00:00,-8,4.99173146210038e-17,5.44184731095658,18.3048884150315,12.8630411040749
"70","FLNRO-WMB 394 ROCK CREEK",2024-09-12 21:00:00,8.8,67,0,131,3.7,"O-1b",49.054,-118.98133,"America/Los_Angeles",9,12,21,2024,100,0,2024-09-12,2024-09-12 21:00:00,-8,4.99173146210038e-17,5.44184731095658,18.3048884150315,12.8630411040749
"71","FLNRO-WMB 394 ROCK CREEK",2024-09-12 22:00:00,7.5,78,0,283,1.9,"O-1b",49.054,-118.98133,"America/Los_Angeles",9,12,22,2024,100,0,2024-09-12,2024-09-12 22:00:00,-8,4.99173146210038e-17,5.44184731095658,18.3048884150315,12.8630411040749
"72","FLNRO-WMB 394 ROCK CREEK",2024-09-12 23:00:00,6.45,84,0,351,1.9,"O-1b",49.054,-118.98133,"America/Los_Angeles",9,12,23,2024,100,0,2024-09-12,2024-09-12 23:00:00,-8,4.99173146210038e-17,5.44184731095658,18.3048884150315,12.8630411040749
"73","FLNRO-WMB 394 ROCK CREEK",2024-09-13,5.4,92,0,304,1,"O-1b",49.054,-118.98133,"America/Los_Angeles",9,13,0,2024,100,0,2024-09-13,2024-09-13,-8,6.07765022349106e-17,5.46526423787686,18.2690329678721,12.8037687299953
"74","FLNRO-WMB 394 ROCK CREEK",2024-09-13 01:00:00,4.4,95,0,240,1.9,"O-1b",49.054,-118.98133,"America/Los_Angeles",9,13,1,2024,100,0,2024-09-13,2024-09-13 01:00:00,-8,6.07765022349106e-17,5.46526423787686,18.2690329678721,12.8037687299953
"75","FLNRO-WMB 394 ROCK CREEK",2024-09-13 02:00:00,3.7,98,0,270,1.9,"O-1b",49.054,-118.98133,"America/Los_Angeles",9,13,2,2024,100,0,2024-09-13,2024-09-13 02:00:00,-8,6.07765022349106e-17,5.46526423787686,18.2690329678721,12.8037687299953
"76","FLNRO-WMB 394 ROCK CREEK",2024-09-13 03:00:00,3.2,99,0,328,1.6,"O-1b",49.054,-118.98133,"America/Los_Angeles",9,13,3,2024,100,0,2024-09-13,2024-09-13 03:00:00,-8,6.07765022349106e-17,5.46526423787686,18.2690329678721,12.8037687299953
"77","FLNRO-WMB 394 ROCK CREEK",2024-09-13 04:00:00,2.4,100,0,176,1,"O-1b",49.054,-118.98133,"America/Los_Angeles",9,13,4,2024,100,0,2024-09-13,2024-09-13 04:00:00,-8,6.07765022349106e-17,5.46526423787686,18.2690329678721,12.8037687299953
"78","FLNRO-WMB 394 ROCK CREEK",2024-09-13 05:00:00,2,100,0,263,1,"O-1b",49.054,-118.98133,"America/Los_Angeles",9,13,5,2024,100,0,2024-09-13,2024-09-13 05:00:00,-8,6.07765022349106e-17,5.46526423787686,18.2690329678721,12.8037687299953
"79","FLNRO-WMB 394 ROCK CREEK",2024-09-13 06:00:00,6.5,100,0,213,3.7,"O-1b",49.054,-118.98133,"America/Los_Angeles",9,13,6,2024,100,0,2024-09-13,2024-09-13 06:00:00,-8,0.0762696875297249,5.46526423787686,18.2690329678721,12.8037687299953
"80","FLNRO-WMB 394 ROCK CREEK",2024-09-13 07:00:00,9.4,100,0,319,1,"O-1b",49.054,-118.98133,"America/Los_Angeles",9,13,7,2024,100,0,2024-09-13,2024-09-13 07:00:00,-8,0.243326078819016,5.46526423787686,18.2690329678721,12.8037687299953
"81","FLNRO-WMB 394 ROCK CREEK",2024-09-13 08:00:00,11.8,90,0,307.5,3.6,"O-1b",49.054,-118.98133,"America/Los_Angeles",9,13,8,2024,100,0,2024-09-13,2024-09-13 08:00:00,-8,0.397460314292046,5.46526423787686,18.2690329678721,12.8037687299953
"82","FLNRO-WMB 394 ROCK CREEK",2024-09-13 09:00:00,14,80,0,296,7.2,"O-1b",49.054,-118.98133,"America/Los_Angeles",9,13,9,2024,100,0,2024-09-13,2024-09-13 09:00:00,-8,0.528168400520196,5.46526423787686,18.2690329678721,12.8037687299953
"83","FLNRO-WMB 394 ROCK CREEK",2024-09-13 10:00:00,16.9,69,0,294,8.6,"O-1b",49.054,-118.98133,"America/Los_Angeles",9,13,10,2024,100,0,2024-09-13,2024-09-13 10:00:00,-8,0.626542797432343,5.46526423787686,18.2690329678721,12.8037687299953
"84","FLNRO-WMB 394 ROCK CREEK",2024-09-13 11:00:00,19.4,61,0,303,7.75,"O-1b",49.054,-118.98133,"America/Los_Angeles",9,13,11,2024,100,0,2024-09-13,2024-09-13 11:00:00,-8,0.685879452450302,5.46526423787686,18.2690329678721,12.8037687299953
"85","FLNRO-WMB 394 ROCK CREEK",2024-09-13 12:00:00,22.7,53,0,312,6.9,"O-1b",49.054,-118.98133,"America/Los_Angeles",9,13,12,2024,100,0,2024-09-13,2024-09-13 12:00:00,-8,0.702134670593058,5.46526423787686,18.2690329678721,12.8037687299953
"86","FLNRO-WMB 394 ROCK CREEK",2024-09-13 13:00:00,25.8,46,0,297,6.2,"O-1b",49.054,-118.98133,"America/Los_Angeles",9,13,13,2024,100,0,2024-09-13,2024-09-13 13:00:00,-8,0.6742006856072,5.46526423787686,18.2690329678721,12.8037687299953
"87","FLNRO-WMB 394 ROCK CREEK",2024-09-13 14:00:00,26.5,34,0,171,5.3,"O-1b",49.054,-118.98133,"America/Los_Angeles",9,13,14,2024,100,0,2024-09-13,2024-09-13 14:00:00,-8,0.603981152406422,5.46526423787686,18.2690329678721,12.8037687299953
"88","FLNRO-WMB 394 ROCK CREEK",2024-09-13 15:00:00,25.3,27,0,75,5.7,"O-1b",49.054,-118.98133,"America/Los_Angeles",9,13,15,2024,100,0,2024-09-13,2024-09-13 15:00:00,-8,0.49626141613509,5.46526423787686,18.2690329678721,12.8037687299953
"89","FLNRO-WMB 394 ROCK CREEK",2024-09-13 16:00:00,24,22,0,354,5.5,"O-1b",49.054,-118.98133,"America/Los_Angeles",9,13,16,2024,100,0,2024-09-13,2024-09-13 16:00:00,-8,0.358382398804816,5.46526423787686,18.2690329678721,12.8037687299953
"90","FLNRO-WMB 394 ROCK CREEK",2024-09-13 17:00:00,21.6,20,0,267,10.3,"O-1b",49.054,-118.98133,"America/Los_Angeles",9,13,17,2024,100,0,2024-09-13,2024-09-13 17:00:00,-8,0.199740327590808,5.46526423787686,18.2690329678721,12.8037687299953
"91","FLNRO-WMB 394 ROCK CREEK",2024-09-13 18:00:00,17.5,23,0,279,7.7,"O-1b",49.054,-118.98133,"America/Los_Angeles",9,13,18,2024,100,0,2024-09-13,2024-09-13 18:00:00,-8,0.0311463974778819,5.46526423787686,18.2690329678721,12.8037687299953
"92","FLNRO-WMB 394 ROCK CREEK",2024-09-13 19:00:00,17.4,28,0,260,2.9,"O-1b",49.054,-118.98133,"America/Los_Angeles",9,13,19,2024,100,0,2024-09-13,2024-09-13 19:00:00,-8,6.07765022349106e-17,5.46526423787686,18.2690329678721,12.8037687299953
"93","FLNRO-WMB 394 ROCK CREEK",2024-09-13 20:00:00,17.3,39,0,224,3.3,"O-1b",49.054,-118.98133,"America/Los_Angeles",9,13,20,2024,100,0,2024-09-13,2024-09-13 20:00:00,-8,6.07765022349106e-17,5.46526423787686,18.2690329678721,12.8037687299953
"94","FLNRO-WMB 394 ROCK CREEK",2024-09-13 21:00:00,15.4,41,0,129,6.6,"O-1b",49.054,-118.98133,"America/Los_Angeles",9,13,21,2024,100,0,2024-09-13,2024-09-13 21:00:00,-8,6.07765022349106e-17,5.46526423787686,18.2690329678721,12.8037687299953
"95","FLNRO-WMB 394 ROCK CREEK",2024-09-13 22:00:00,14.7,43,0,349,4.1,"O-1b",49.054,-118.98133,"America/Los_Angeles",9,13,22,2024,100,0,2024-09-13,2024-09-13 22:00:00,-8,6.07765022349106e-17,5.46526423787686,18.2690329678721,12.8037687299953
"96","FLNRO-WMB 394 ROCK CREEK",2024-09-13 23:00:00,13.95,68,0,207,3.9,"O-1b",49.054,-118.98133,"America/Los_Angeles",9,13,23,2024,100,0,2024-09-13,2024-09-13 23:00:00,-8,6.07765022349106e-17,5.46526423787686,18.2690329678721,12.8037687299953
"97","FLNRO-WMB 394 ROCK CREEK",2024-09-14,13.2,72,0,244,5.4,"O-1b",49.054,-118.98133,"America/Los_Angeles",9,14,0,2024,100,0,2024-09-14,2024-09-14,-8,3.83979201136685e-17,5.48869454519452,18.2331148495771,12.7444203043825
"98","FLNRO-WMB 394 ROCK CREEK",2024-09-14 01:00:00,12.5,77,0,237,7.1,"O-1b",49.054,-118.98133,"America/Los_Angeles",9,14,1,2024,100,0,2024-09-14,2024-09-14 01:00:00,-8,3.83979201136685e-17,5.48869454519452,18.2331148495771,12.7444203043825
"99","FLNRO-WMB 394 ROCK CREEK",2024-09-14 02:00:00,12.4,93,0.2,197,2.5,"O-1b",49.054,-118.98133,"America/Los_Angeles",9,14,2,2024,100,0,2024-09-14,2024-09-14 02:00:00,-8,3.83979201136685e-17,5.48869454519452,18.2331148495771,12.7444203043825
"100","FLNRO-WMB 394 ROCK CREEK",2024-09-14 03:00:00,12.3,100,0.2,320,3.4,"O-1b",49.054,-118.98133,"America/Los_Angeles",9,14,3,2024,100,0,2024-09-14,2024-09-14 03:00:00,-8,3.83979201136685e-17,5.48869454519452,18.2331148495771,12.7444203043825
"101","FLNRO-WMB 394 ROCK CREEK",2024-09-14 04:00:00,12.2,100,1,337,3.1,"O-1b",49.054,-118.98133,"America/Los_Angeles",9,14,4,2024,100,0,2024-09-14,2024-09-14 04:00:00,-8,3.83979201136685e-17,5.48869454519452,18.2331148495771,12.7444203043825
"102","FLNRO-WMB 394 ROCK CREEK",2024-09-14 05:00:00,11.8,100,1,206,1.7,"O-1b",49.054,-118.98133,"America/Los_Angeles",9,14,5,2024,100,0,2024-09-14,2024-09-14 05:00:00,-8,3.83979201136685e-17,5.48869454519452,18.2331148495771,12.7444203043825
"103","FLNRO-WMB 394 ROCK CREEK",2024-09-14 06:00:00,12.4,100,0.6,195,1.75,"O-1b",49.054,-118.98133,"America/Los_Angeles",9,14,6,2024,100,0,2024-09-14,2024-09-14 06:00:00,-8,0.045712834845182,5.48869454519452,18.2331148495771,12.7444203043825
"104","FLNRO-WMB 394 ROCK CREEK",2024-09-14 07:00:00,15.5,100,0.2,184,1.8,"O-1b",49.054,-118.98133,"America/Los_Angeles",9,14,7,2024,100,0,2024-09-14,2024-09-14 07:00:00,-8,0.151276390065349,5.48869454519452,18.2331148495771,12.7444203043825
"105","FLNRO-WMB 394 ROCK CREEK",2024-09-14 08:00:00,17.1,93,0.1,144.5,2.7,"O-1b",49.054,-118.98133,"America/Los_Angeles",9,14,8,2024,100,0,2024-09-14,2024-09-14 08:00:00,-8,0.248628463911298,5.48869454519452,18.2331148495771,12.7444203043825
"106","FLNRO-WMB 394 ROCK CREEK",2024-09-14 09:00:00,18.4,86,0,105,3.6,"O-1b",49.054,-118.98133,"America/Los_Angeles",9,14,9,2024,100,0,2024-09-14,2024-09-14 09:00:00,-8,0.331134673432336,5.48869454519452,18.2331148495771,12.7444203043825
"107","FLNRO-WMB 394 ROCK CREEK",2024-09-14 10:00:00,20,76,0,104,6.6,"O-1b",49.054,-118.98133,"America/Los_Angeles",9,14,10,2024,100,0,2024-09-14,2024-09-14 10:00:00,-8,0.393172356797563,5.48869454519452,18.2331148495771,12.7444203043825
"108","FLNRO-WMB 394 ROCK CREEK",2024-09-14 11:00:00,21.5,56,0,49,7.7,"O-1b",49.054,-118.98133,"America/Los_Angeles",9,14,11,2024,100,0,2024-09-14,2024-09-14 11:00:00,-8,0.430513748407757,5.48869454519452,18.2331148495771,12.7444203043825
"109","FLNRO-WMB 394 ROCK CREEK",2024-09-14 12:00:00,20.6,47,0,134,7,"O-1b",49.054,-118.98133,"America/Los_Angeles",9,14,12,2024,100,0,2024-09-14,2024-09-14 12:00:00,-8,0.440614094134251,5.48869454519452,18.2331148495771,12.7444203043825
"110","FLNRO-WMB 394 ROCK CREEK",2024-09-14 13:00:00,17.6,43,0,129,6.8,"O-1b",49.054,-118.98133,"America/Los_Angeles",9,14,13,2024,100,0,2024-09-14,2024-09-14 13:00:00,-8,0.422785072107396,5.48869454519452,18.2331148495771,12.7444203043825
"111","FLNRO-WMB 394 ROCK CREEK",2024-09-14 14:00:00,19.5,44,0,89,8.6,"O-1b",49.054,-118.98133,"America/Los_Angeles",9,14,14,2024,100,0,2024-09-14,2024-09-14 14:00:00,-8,0.378241700714469,5.48869454519452,18.2331148495771,12.7444203043825
"112","FLNRO-WMB 394 ROCK CREEK",2024-09-14 15:00:00,20.4,70,0.6,140,6,"O-1b",49.054,-118.98133,"America/Los_Angeles",9,14,15,2024,100,0,2024-09-14,2024-09-14 15:00:00,-8,0.310019537104496,5.48869454519452,18.2331148495771,12.7444203043825
"113","FLNRO-WMB 394 ROCK CREEK",2024-09-14 16:00:00,19.4,51,0,97,10.2,"O-1b",49.054,-118.98133,"America/Los_Angeles",9,14,16,2024,100,0,2024-09-14,2024-09-14 16:00:00,-8,0.222767808985042,5.48869454519452,18.2331148495771,12.7444203043825
"114","FLNRO-WMB 394 ROCK CREEK",2024-09-14 17:00:00,17.9,49,0,108,6,"O-1b",49.054,-118.98133,"America/Los_Angeles",9,14,17,2024,100,0,2024-09-14,2024-09-14 17:00:00,-8,0.122432577437148,5.48869454519452,18.2331148495771,12.7444203043825
"115","FLNRO-WMB 394 ROCK CREEK",2024-09-14 18:00:00,14.7,55,0,43,3.6,"O-1b",49.054,-118.98133,"America/Los_Angeles",9,14,18,2024,100,0,2024-09-14,2024-09-14 18:00:00,-8,0.015851522678994,5.48869454519452,18.2331148495771,12.7444203043825
"116","FLNRO-WMB 394 ROCK CREEK",2024-09-14 19:00:00,12,50,0,331,8.9,"O-1b",49.054,-118.98133,"America/Los_Angeles",9,14,19,2024,100,0,2024-09-14,2024-09-14 19:00:00,-8,3.83979201136685e-17,5.48869454519452,18.2331148495771,12.7444203043825
"117","FLNRO-WMB 394 ROCK CREEK",2024-09-14 20:00:00,11.6,72,0,227,9.7,"O-1b",49.054,-118.98133,"America/Los_Angeles",9,14,20,2024,100,0,2024-09-14,2024-09-14 20:00:00,-8,3.83979201136685e-17,5.48869454519452,18.2331148495771,12.7444203043825
"118","FLNRO-WMB 394 ROCK CREEK",2024-09-14 21:00:00,11.2,100,1.4,188,8.5,"O-1b",49.054,-118.98133,"America/Los_Angeles",9,14,21,2024,100,0,2024-09-14,2024-09-14 21:00:00,-8,3.83979201136685e-17,5.48869454519452,18.2331148495771,12.7444203043825
"119","FLNRO-WMB 394 ROCK CREEK",2024-09-14 22:00:00,10.5,100,0.2,13,4.2,"O-1b",49.054,-118.98133,"America/Los_Angeles",9,14,22,2024,100,0,2024-09-14,2024-09-14 22:00:00,-8,3.83979201136685e-17,5.48869454519452,18.2331148495771,12.7444203043825
"120","FLNRO-WMB 394 ROCK CREEK",2024-09-14 23:00:00,10.25,100,0.4,198,5.8,"O-1b",49.054,-118.98133,"America/Los_Angeles",9,14,23,2024,100,0,2024-09-14,2024-09-14 23:00:00,-8,3.83979201136685e-17,5.48869454519452,18.2331148495771,12.7444203043825
"121","FLNRO-WMB 394 ROCK CREEK",2024-09-15,10,100,0,254,2.3,"O-1b",49.054,-118.98133,"America/Los_Angeles",9,15,0,2024,100,0,2024-09-15,2024-09-15,-8,4.74411250197954e-17,5.51214221267575,18.197143514594,12.6850013019182
"122","FLNRO-WMB 394 ROCK CREEK",2024-09-15 01:00:00,8.3,100,0,254,2.3,"O-1b",49.054,-118.98133,"America/Los_Angeles",9,15,1,2024,100,0,2024-09-15,2024-09-15 01:00:00,-8,4.74411250197954e-17,5.51214221267575,18.197143514594,12.6850013019182
"123","FLNRO-WMB 394 ROCK CREEK",2024-09-15 02:00:00,7.7,100,0,290,2.3,"O-1b",49.054,-118.98133,"America/Los_Angeles",9,15,2,2024,100,0,2024-09-15,2024-09-15 02:00:00,-8,4.74411250197954e-17,5.51214221267575,18.197143514594,12.6850013019182
"124","FLNRO-WMB 394 ROCK CREEK",2024-09-15 03:00:00,7.4,100,0,290,2.3,"O-1b",49.054,-118.98133,"America/Los_Angeles",9,15,3,2024,100,0,2024-09-15,2024-09-15 03:00:00,-8,4.74411250197954e-17,5.51214221267575,18.197143514594,12.6850013019182
"125","FLNRO-WMB 394 ROCK CREEK",2024-09-15 04:00:00,7.7,100,0,308,2.3,"O-1b",49.054,-118.98133,"America/Los_Angeles",9,15,4,2024,100,0,2024-09-15,2024-09-15 04:00:00,-8,4.74411250197954e-17,5.51214221267575,18.197143514594,12.6850013019182
"126","FLNRO-WMB 394 ROCK CREEK",2024-09-15 05:00:00,8.6,100,0,122,2,"O-1b",49.054,-118.98133,"America/Los_Angeles",9,15,5,2024,100,0,2024-09-15,2024-09-15 05:00:00,-8,4.74411250197954e-17,5.51214221267575,18.197143514594,12.6850013019182
"127","FLNRO-WMB 394 ROCK CREEK",2024-09-15 06:00:00,9.3,100,0.2,280,3.3,"O-1b",49.054,-118.98133,"America/Los_Angeles",9,15,6,2024,100,0,2024-09-15,2024-09-15 06:00:00,-8,0.0534118162616176,5.51214221267575,18.197143514594,12.6850013019182
"128","FLNRO-WMB 394 ROCK CREEK",2024-09-15 07:00:00,9.8,100,0,244,5.1,"O-1b",49.054,-118.98133,"America/Los_Angeles",9,15,7,2024,100,0,2024-09-15,2024-09-15 07:00:00,-8,0.183854516427502,5.51214221267575,18.197143514594,12.6850013019182
"129","FLNRO-WMB 394 ROCK CREEK",2024-09-15 08:00:00,10.8,95,0,212,6.2,"O-1b",49.054,-118.98133,"America/Los_Angeles",9,15,8,2024,100,0,2024-09-15,2024-09-15 08:00:00,-8,0.304093518468466,5.51214221267575,18.197143514594,12.6850013019182
"130","FLNRO-WMB 394 ROCK CREEK",2024-09-15 09:00:00,13.8,89,0,244,7.9,"O-1b",49.054,-118.98133,"America/Los_Angeles",9,15,9,2024,100,0,2024-09-15,2024-09-15 09:00:00,-8,0.405934733099766,5.51214221267575,18.197143514594,12.6850013019182
"131","FLNRO-WMB 394 ROCK CREEK",2024-09-15 10:00:00,17,78,0,122.5,6.45,"O-1b",49.054,-118.98133,"America/Los_Angeles",9,15,10,2024,100,0,2024-09-15,2024-09-15 10:00:00,-8,0.482437849844842,5.51214221267575,18.197143514594,12.6850013019182
"132","FLNRO-WMB 394 ROCK CREEK",2024-09-15 11:00:00,19.2,67,0,1,5,"O-1b",49.054,-118.98133,"America/Los_Angeles",9,15,11,2024,100,0,2024-09-15,2024-09-15 11:00:00,-8,0.528389307724895,5.51214221267575,18.197143514594,12.6850013019182
"133","FLNRO-WMB 394 ROCK CREEK",2024-09-15 12:00:00,22.1,53,0,136,4.7,"O-1b",49.054,-118.98133,"America/Los_Angeles",9,15,12,2024,100,0,2024-09-15,2024-09-15 12:00:00,-8,0.540657590823775,5.51214221267575,18.197143514594,12.6850013019182
"134","FLNRO-WMB 394 ROCK CREEK",2024-09-15 13:00:00,23.4,48,0,86,6.8,"O-1b",49.054,-118.98133,"America/Los_Angeles",9,15,13,2024,100,0,2024-09-15,2024-09-15 13:00:00,-8,0.518406635922589,5.51214221267575,18.197143514594,12.6850013019182
"135","FLNRO-WMB 394 ROCK CREEK",2024-09-15 14:00:00,23,41,0,153.5,7.95,"O-1b",49.054,-118.98133,"America/Los_Angeles",9,15,14,2024,100,0,2024-09-15,2024-09-15 14:00:00,-8,0.463152808826412,5.51214221267575,18.197143514594,12.6850013019182
"136","FLNRO-WMB 394 ROCK CREEK",2024-09-15 15:00:00,23.5,34,0,221,9.1,"O-1b",49.054,-118.98133,"America/Los_Angeles",9,15,15,2024,100,0,2024-09-15,2024-09-15 15:00:00,-8,0.378661566540582,5.51214221267575,18.197143514594,12.6850013019182
"137","FLNRO-WMB 394 ROCK CREEK",2024-09-15 16:00:00,23.3,32,0,204,8.4,"O-1b",49.054,-118.98133,"America/Los_Angeles",9,15,16,2024,100,0,2024-09-15,2024-09-15 16:00:00,-8,0.270690847598497,5.51214221267575,18.197143514594,12.6850013019182
"138","FLNRO-WMB 394 ROCK CREEK",2024-09-15 17:00:00,20.6,30,0,187,7.7,"O-1b",49.054,-118.98133,"America/Los_Angeles",9,15,17,2024,100,0,2024-09-15,2024-09-15 17:00:00,-8,0.146598678066012,5.51214221267575,18.197143514594,12.6850013019182
"139","FLNRO-WMB 394 ROCK CREEK",2024-09-15 18:00:00,19,30,0,91,7.4,"O-1b",49.054,-118.98133,"America/Los_Angeles",9,15,18,2024,100,0,2024-09-15,2024-09-15 18:00:00,-8,0.0148417342247587,5.51214221267575,18.197143514594,12.6850013019182
"140","FLNRO-WMB 394 ROCK CREEK",2024-09-15 19:00:00,17.7,37,0,318,7.9,"O-1b",49.054,-118.98133,"America/Los_Angeles",9,15,19,2024,100,0,2024-09-15,2024-09-15 19:00:00,-8,4.74411250197954e-17,5.51214221267575,18.197143514594,12.6850013019182
"141","FLNRO-WMB 394 ROCK CREEK",2024-09-15 20:00:00,15.1,40,0,296,13.6,"O-1b",49.054,-118.98133,"America/Los_Angeles",9,15,20,2024,100,0,2024-09-15,2024-09-15 20:00:00,-8,4.74411250197954e-17,5.51214221267575,18.197143514594,12.6850013019182
"142","FLNRO-WMB 394 ROCK CREEK",2024-09-15 21:00:00,14.9,44,0,272,13,"O-1b",49.054,-118.98133,"America/Los_Angeles",9,15,21,2024,100,0,2024-09-15,2024-09-15 21:00:00,-8,4.74411250197954e-17,5.51214221267575,18.197143514594,12.6850013019182
"143","FLNRO-WMB 394 ROCK CREEK",2024-09-15 22:00:00,12.8,48,0,236,10.7,"O-1b",49.054,-118.98133,"America/Los_Angeles",9,15,22,2024,100,0,2024-09-15,2024-09-15 22:00:00,-8,4.74411250197954e-17,5.51214221267575,18.197143514594,12.6850013019182
"144","FLNRO-WMB 394 ROCK CREEK",2024-09-15 23:00:00,11.6,47,0,233,13,"O-1b",49.054,-118.98133,"America/Los_Angeles",9,15,23,2024,100,0,2024-09-15,2024-09-15 23:00:00,-8,4.74411250197954e-17,5.51214221267575,18.197143514594,12.6850013019182
"145","FLNRO-WMB 394 ROCK CREEK",2024-09-16,10.4,57,0,346,5.6,"O-1b",49.054,-118.98133,"America/Los_Angeles",9,16,0,2024,100,0,2024-09-16,2024-09-16,-8,6.01890886610684e-17,5.53561133823503,18.1611284021428,12.6255170639078
"146","FLNRO-WMB 394 ROCK CREEK",2024-09-16 01:00:00,7.4,66,0,56,4.4,"O-1b",49.054,-118.98133,"America/Los_Angeles",9,16,1,2024,100,0,2024-09-16,2024-09-16 01:00:00,-8,6.01890886610684e-17,5.53561133823503,18.1611284021428,12.6255170639078
"147","FLNRO-WMB 394 ROCK CREEK",2024-09-16 02:00:00,7.7,69,0,332,4.5,"O-1b",49.054,-118.98133,"America/Los_Angeles",9,16,2,2024,100,0,2024-09-16,2024-09-16 02:00:00,-8,6.01890886610684e-17,5.53561133823503,18.1611284021428,12.6255170639078
"148","FLNRO-WMB 394 ROCK CREEK",2024-09-16 03:00:00,6.3,82,0,290,5.1,"O-1b",49.054,-118.98133,"America/Los_Angeles",9,16,3,2024,100,0,2024-09-16,2024-09-16 03:00:00,-8,6.01890886610684e-17,5.53561133823503,18.1611284021428,12.6255170639078
"149","FLNRO-WMB 394 ROCK CREEK",2024-09-16 04:00:00,4.6,80,0,329,5,"O-1b",49.054,-118.98133,"America/Los_Angeles",9,16,4,2024,100,0,2024-09-16,2024-09-16 04:00:00,-8,6.01890886610684e-17,5.53561133823503,18.1611284021428,12.6255170639078
"150","FLNRO-WMB 394 ROCK CREEK",2024-09-16 05:00:00,3.3,84,0,336,5.1,"O-1b",49.054,-118.98133,"America/Los_Angeles",9,16,5,2024,100,0,2024-09-16,2024-09-16 05:00:00,-8,6.01890886610684e-17,5.53561133823503,18.1611284021428,12.6255170639078
"151","FLNRO-WMB 394 ROCK CREEK",2024-09-16 06:00:00,7.6,93,0,301,4.4,"O-1b",49.054,-118.98133,"America/Los_Angeles",9,16,6,2024,100,0,2024-09-16,2024-09-16 06:00:00,-8,0.0638592505734971,5.53561133823503,18.1611284021428,12.6255170639078
"152","FLNRO-WMB 394 ROCK CREEK",2024-09-16 07:00:00,11.3,100,0,166,1.8,"O-1b",49.054,-118.98133,"America/Los_Angeles",9,16,7,2024,100,0,2024-09-16,2024-09-16 07:00:00,-8,0.229367853278998,5.53561133823503,18.1611284021428,12.6255170639078
"153","FLNRO-WMB 394 ROCK CREEK",2024-09-16 08:00:00,13.6,79,0,324,4.6,"O-1b",49.054,-118.98133,"America/Los_Angeles",9,16,8,2024,100,0,2024-09-16,2024-09-16 08:00:00,-8,0.38185735985397,5.53561133823503,18.1611284021428,12.6255170639078
"154","FLNRO-WMB 394 ROCK CREEK",2024-09-16 09:00:00,18,63,0,282,5.4,"O-1b",49.054,-118.98133,"America/Los_Angeles",9,16,9,2024,100,0,2024-09-16,2024-09-16 09:00:00,-8,0.510935862426154,5.53561133823503,18.1611284021428,12.6255170639078
"155","FLNRO-WMB 394 ROCK CREEK",2024-09-16 10:00:00,21.7,53,0,302,7.2,"O-1b",49.054,-118.98133,"America/Los_Angeles",9,16,10,2024,100,0,2024-09-16,2024-09-16 10:00:00,-8,0.607806874357567,5.53561133823503,18.1611284021428,12.6255170639078
"156","FLNRO-WMB 394 ROCK CREEK",2024-09-16 11:00:00,24,42,0,298,8.9,"O-1b",49.054,-118.98133,"America/Los_Angeles",9,16,11,2024,100,0,2024-09-16,2024-09-16 11:00:00,-8,0.665868796271999,5.53561133823503,18.1611284021428,12.6255170639078
"157","FLNRO-WMB 394 ROCK CREEK",2024-09-16 12:00:00,25.9,28,0,244,10.7,"O-1b",49.054,-118.98133,"America/Los_Angeles",9,16,12,2024,100,0,2024-09-16,2024-09-16 12:00:00,-8,0.681164804142844,5.53561133823503,18.1611284021428,12.6255170639078
"158","FLNRO-WMB 394 ROCK CREEK",2024-09-16 13:00:00,27.3,25,0,290,10.9,"O-1b",49.054,-118.98133,"America/Los_Angeles",9,16,13,2024,100,0,2024-09-16,2024-09-16 13:00:00,-8,0.652652500311553,5.53561133823503,18.1611284021428,12.6255170639078
"159","FLNRO-WMB 394 ROCK CREEK",2024-09-16 14:00:00,27.4,22,0,289,8.3,"O-1b",49.054,-118.98133,"America/Los_Angeles",9,16,14,2024,100,0,2024-09-16,2024-09-16 14:00:00,-8,0.582274951165417,5.53561133823503,18.1611284021428,12.6255170639078
"160","FLNRO-WMB 394 ROCK CREEK",2024-09-16 15:00:00,26.5,18,0,313,10.3,"O-1b",49.054,-118.98133,"America/Los_Angeles",9,16,15,2024,100,0,2024-09-16,2024-09-16 15:00:00,-8,0.474828270374348,5.53561133823503,18.1611284021428,12.6255170639078
"161","FLNRO-WMB 394 ROCK CREEK",2024-09-16 16:00:00,24.2,17,0,330,9.5,"O-1b",49.054,-118.98133,"America/Los_Angeles",9,16,16,2024,100,0,2024-09-16,2024-09-16 16:00:00,-8,0.337634771670221,5.53561133823503,18.1611284021428,12.6255170639078
"162","FLNRO-WMB 394 ROCK CREEK",2024-09-16 17:00:00,21.9,18,0,315,11.6,"O-1b",49.054,-118.98133,"America/Los_Angeles",9,16,17,2024,100,0,2024-09-16,2024-09-16 17:00:00,-8,0.180043965266746,5.53561133823503,18.1611284021428,12.6255170639078
"163","FLNRO-WMB 394 ROCK CREEK",2024-09-16 18:00:00,19.3,16,0,298,22.2,"O-1b",49.054,-118.98133,"America/Los_Angeles",9,16,18,2024,100,0,2024-09-16,2024-09-16 18:00:00,-8,0.012795404189198,5.53561133823503,18.1611284021428,12.6255170639078
"164","FLNRO-WMB 394 ROCK CREEK",2024-09-16 19:00:00,15.7,20,0,296,17.3,"O-1b",49.054,-118.98133,"America/Los_Angeles",9,16,19,2024,100,0,2024-09-16,2024-09-16 19:00:00,-8,6.01890886610684e-17,5.53561133823503,18.1611284021428,12.6255170639078
"165","FLNRO-WMB 394 ROCK CREEK",2024-09-16 20:00:00,14.2,28,0,241,7.9,"O-1b",49.054,-118.98133,"America/Los_Angeles",9,16,20,2024,100,0,2024-09-16,2024-09-16 20:00:00,-8,6.01890886610684e-17,5.53561133823503,18.1611284021428,12.6255170639078
"166","FLNRO-WMB 394 ROCK CREEK",2024-09-16 21:00:00,13,41,0,244,7.5,"O-1b",49.054,-118.98133,"America/Los_Angeles",9,16,21,2024,100,0,2024-09-16,2024-09-16 21:00:00,-8,6.01890886610684e-17,5.53561133823503,18.1611284021428,12.6255170639078
"167","FLNRO-WMB 394 ROCK CREEK",2024-09-16 22:00:00,9.5,47,0,265,6.9,"O-1b",49.054,-118.98133,"America/Los_Angeles",9,16,22,2024,100,0,2024-09-16,2024-09-16 22:00:00,-8,6.01890886610684e-17,5.53561133823503,18.1611284021428,12.6255170639078
"168","FLNRO-WMB 394 ROCK CREEK",2024-09-16 23:00:00,9.5,47,0,265,6.9,"O-1b",49.054,-118.98133,"America/Los_Angeles",9,16,23,2024,100,0,2024-09-16,2024-09-16 23:00:00,-8,6.01890886610684e-17,5.53561133823503,18.1611284021428,12.6255170639078
"169","FLNRO-WMB 394 ROCK CREEK",2024-09-17,7.6,69,0,298,4.2,"O-1b",49.054,-118.98133,"America/Los_Angeles",9,17,0,2024,100,0,2024-09-17,2024-09-17,-8,6.13599966561968e-17,5.55910612075264,18.125078937741,12.5659728169883
"170","FLNRO-WMB 394 ROCK CREEK",2024-09-17 01:00:00,6.35,69,0,309,5.7,"O-1b",49.054,-118.98133,"America/Los_Angeles",9,17,1,2024,100,0,2024-09-17,2024-09-17 01:00:00,-8,6.13599966561968e-17,5.55910612075264,18.125078937741,12.5659728169883
"171","FLNRO-WMB 394 ROCK CREEK",2024-09-17 02:00:00,5.1,82,0,124,2.6,"O-1b",49.054,-118.98133,"America/Los_Angeles",9,17,2,2024,100,0,2024-09-17,2024-09-17 02:00:00,-8,6.13599966561968e-17,5.55910612075264,18.125078937741,12.5659728169883
"172","FLNRO-WMB 394 ROCK CREEK",2024-09-17 03:00:00,4.5,88,0,143.5,2.95,"O-1b",49.054,-118.98133,"America/Los_Angeles",9,17,3,2024,100,0,2024-09-17,2024-09-17 03:00:00,-8,6.13599966561968e-17,5.55910612075264,18.125078937741,12.5659728169883
"173","FLNRO-WMB 394 ROCK CREEK",2024-09-17 04:00:00,3.6,94,0,163,3.3,"O-1b",49.054,-118.98133,"America/Los_Angeles",9,17,4,2024,100,0,2024-09-17,2024-09-17 04:00:00,-8,6.13599966561968e-17,5.55910612075264,18.125078937741,12.5659728169883
"174","FLNRO-WMB 394 ROCK CREEK",2024-09-17 05:00:00,3.3,96,0,231,3.5,"O-1b",49.054,-118.98133,"America/Los_Angeles",9,17,5,2024,100,0,2024-09-17,2024-09-17 05:00:00,-8,6.13599966561968e-17,5.55910612075264,18.125078937741,12.5659728169883
"175","FLNRO-WMB 394 ROCK CREEK",2024-09-17 06:00:00,7.1,100,0,175,1.9,"O-1b",49.054,-118.98133,"America/Los_Angeles",9,17,6,2024,100,0,2024-09-17,2024-09-17 06:00:00,-8,0.061106649741622,5.55910612075264,18.125078937741,12.5659728169883
"176","FLNRO-WMB 394 ROCK CREEK",2024-09-17 07:00:00,12.1,100,0,274,2.1,"O-1b",49.054,-118.98133,"America/Los_Angeles",9,17,7,2024,100,0,2024-09-17,2024-09-17 07:00:00,-8,0.229841814252337,5.55910612075264,18.125078937741,12.5659728169883
"177","FLNRO-WMB 394 ROCK CREEK",2024-09-17 08:00:00,14.5,87,0,300,6.4,"O-1b",49.054,-118.98133,"America/Los_Angeles",9,17,8,2024,100,0,2024-09-17,2024-09-17 08:00:00,-8,0.385230156108753,5.55910612075264,18.125078937741,12.5659728169883
"178","FLNRO-WMB 394 ROCK CREEK",2024-09-17 09:00:00,17.3,67,0,191,3.5,"O-1b",49.054,-118.98133,"America/Los_Angeles",9,17,9,2024,100,0,2024-09-17,2024-09-17 09:00:00,-8,0.516682216604731,5.55910612075264,18.125078937741,12.5659728169883
"179","FLNRO-WMB 394 ROCK CREEK",2024-09-17 10:00:00,20.8,57,0,308,4.8,"O-1b",49.054,-118.98133,"America/Los_Angeles",9,17,10,2024,100,0,2024-09-17,2024-09-17 10:00:00,-8,0.615239755052271,5.55910612075264,18.125078937741,12.5659728169883
"180","FLNRO-WMB 394 ROCK CREEK",2024-09-17 11:00:00,24.3,48,0,304,5.2,"O-1b",49.054,-118.98133,"America/Los_Angeles",9,17,11,2024,100,0,2024-09-17,2024-09-17 11:00:00,-8,0.674186238080208,5.55910612075264,18.125078937741,12.5659728169883
"181","FLNRO-WMB 394 ROCK CREEK",2024-09-17 12:00:00,26.1,40,0,289,4.7,"O-1b",49.054,-118.98133,"America/Los_Angeles",9,17,12,2024,100,0,2024-09-17,2024-09-17 12:00:00,-8,0.689504560283855,5.55910612075264,18.125078937741,12.5659728169883
"182","FLNRO-WMB 394 ROCK CREEK",2024-09-17 13:00:00,27.8,32,0,88,6.9,"O-1b",49.054,-118.98133,"America/Los_Angeles",9,17,13,2024,100,0,2024-09-17,2024-09-17 13:00:00,-8,0.660150803319759,5.55910612075264,18.125078937741,12.5659728169883
"183","FLNRO-WMB 394 ROCK CREEK",2024-09-17 14:00:00,27.9,28,0,110,7,"O-1b",49.054,-118.98133,"America/Los_Angeles",9,17,14,2024,100,0,2024-09-17,2024-09-17 14:00:00,-8,0.588125377215645,5.55910612075264,18.125078937741,12.5659728169883
"184","FLNRO-WMB 394 ROCK CREEK",2024-09-17 15:00:00,28.2,27,0,242,7,"O-1b",49.054,-118.98133,"America/Los_Angeles",9,17,15,2024,100,0,2024-09-17,2024-09-17 15:00:00,-8,0.478336695732866,5.55910612075264,18.125078937741,12.5659728169883
"185","FLNRO-WMB 394 ROCK CREEK",2024-09-17 16:00:00,23.7,27,0,239,10.2,"O-1b",49.054,-118.98133,"America/Los_Angeles",9,17,16,2024,100,0,2024-09-17,2024-09-17 16:00:00,-8,0.338266676080097,5.55910612075264,18.125078937741,12.5659728169883
"186","FLNRO-WMB 394 ROCK CREEK",2024-09-17 17:00:00,21.6,25,0,253,6.3,"O-1b",49.054,-118.98133,"America/Los_Angeles",9,17,17,2024,100,0,2024-09-17,2024-09-17 17:00:00,-8,0.177460858620023,5.55910612075264,18.125078937741,12.5659728169883
"187","FLNRO-WMB 394 ROCK CREEK",2024-09-17 18:00:00,17.7,35,0,254,9.2,"O-1b",49.054,-118.98133,"America/Los_Angeles",9,17,18,2024,100,0,2024-09-17,2024-09-17 18:00:00,-8,0.0068778940683698,5.55910612075264,18.125078937741,12.5659728169883
"188","FLNRO-WMB 394 ROCK CREEK",2024-09-17 19:00:00,13.9,46,0,259,6,"O-1b",49.054,-118.98133,"America/Los_Angeles",9,17,19,2024,100,0,2024-09-17,2024-09-17 19:00:00,-8,6.13599966561968e-17,5.55910612075264,18.125078937741,12.5659728169883
"189","FLNRO-WMB 394 ROCK CREEK",2024-09-17 20:00:00,12,62,0,123,3,"O-1b",49.054,-118.98133,"America/Los_Angeles",9,17,20,2024,100,0,2024-09-17,2024-09-17 20:00:00,-8,6.13599966561968e-17,5.55910612075264,18.125078937741,12.5659728169883
"190","FLNRO-WMB 394 ROCK CREEK",2024-09-17 21:00:00,10.6,71,0,164,3.1,"O-1b",49.054,-118.98133,"America/Los_Angeles",9,17,21,2024,100,0,2024-09-17,2024-09-17 21:00:00,-8,6.13599966561968e-17,5.55910612075264,18.125078937741,12.5659728169883
"191","FLNRO-WMB 394 ROCK CREEK",2024-09-17 22:00:00,9.9,82,0,320,2.9,"O-1b",49.054,-118.98133,"America/Los_Angeles",9,17,22,2024,100,0,2024-09-17,2024-09-17 22:00:00,-8,6.13599966561968e-17,5.55910612075264,18.125078937741,12.5659728169883
"192","FLNRO-WMB 394 ROCK CREEK",2024-09-17 23:00:00,9,84,0,245,2.2,"O-1b",49.054,-118.98133,"America/Los_Angeles",9,17,23,2024,100,0,2024-09-17,2024-09-17 23:00:00,-8,6.13599966561968e-17,5.55910612075264,18.125078937741,12.5659728169883
"193","FLNRO-WMB 394 ROCK CREEK",2024-09-18,8.1,85,0,278,5.3,"O-1b",49.054,-118.98133,"America/Los_Angeles",9,18,0,2024,100,0,2024-09-18,2024-09-18,-8,5.50237539324872e-17,5.58263084280795,18.0890045346915,12.5063736918835
"194","FLNRO-WMB 394 ROCK CREEK",2024-09-18 01:00:00,9.1,84,0,223,3,"O-1b",49.054,-118.98133,"America/Los_Angeles",9,18,1,2024,100,0,2024-09-18,2024-09-18 01:00:00,-8,5.50237539324872e-17,5.58263084280795,18.0890045346915,12.5063736918835
"195","FLNRO-WMB 394 ROCK CREEK",2024-09-18 02:00:00,9.9,91,0,278,4.5,"O-1b",49.054,-118.98133,"America/Los_Angeles",9,18,2,2024,100,0,2024-09-18,2024-09-18 02:00:00,-8,5.50237539324872e-17,5.58263084280795,18.0890045346915,12.5063736918835
"196","FLNRO-WMB 394 ROCK CREEK",2024-09-18 03:00:00,6.6,84,0,309,4.8,"O-1b",49.054,-118.98133,"America/Los_Angeles",9,18,3,2024,100,0,2024-09-18,2024-09-18 03:00:00,-8,5.50237539324872e-17,5.58263084280795,18.0890045346915,12.5063736918835
"197","FLNRO-WMB 394 ROCK CREEK",2024-09-18 04:00:00,5.8,90,0,295.5,4.35,"O-1b",49.054,-118.98133,"America/Los_Angeles",9,18,4,2024,100,0,2024-09-18,2024-09-18 04:00:00,-8,5.50237539324872e-17,5.58263084280795,18.0890045346915,12.5063736918835
"198","FLNRO-WMB 394 ROCK CREEK",2024-09-18 05:00:00,5,96,0,282,3.9,"O-1b",49.054,-118.98133,"America/Los_Angeles",9,18,5,2024,100,0,2024-09-18,2024-09-18 05:00:00,-8,5.50237539324872e-17,5.58263084280795,18.0890045346915,12.5063736918835
"199","FLNRO-WMB 394 ROCK CREEK",2024-09-18 06:00:00,8.8,97,0,271,3.8,"O-1b",49.054,-118.98133,"America/Los_Angeles",9,18,6,2024,100,0,2024-09-18,2024-09-18 06:00:00,-8,0.0512016677493902,5.58263084280795,18.0890045346915,12.5063736918835
"200","FLNRO-WMB 394 ROCK CREEK",2024-09-18 07:00:00,13.2,90,0,192,3.95,"O-1b",49.054,-118.98133,"America/Los_Angeles",9,18,7,2024,100,0,2024-09-18,2024-09-18 07:00:00,-8,0.202511585214435,5.58263084280795,18.0890045346915,12.5063736918835
"201","FLNRO-WMB 394 ROCK CREEK",2024-09-18 08:00:00,16.5,83,0,113,4.1,"O-1b",49.054,-118.98133,"America/Los_Angeles",9,18,8,2024,100,0,2024-09-18,2024-09-18 08:00:00,-8,0.341786704650624,5.58263084280795,18.0890045346915,12.5063736918835
"202","FLNRO-WMB 394 ROCK CREEK",2024-09-18 09:00:00,20.5,65,0,307,7.1,"O-1b",49.054,-118.98133,"America/Los_Angeles",9,18,9,2024,100,0,2024-09-18,2024-09-18 09:00:00,-8,0.459535656831398,5.58263084280795,18.0890045346915,12.5063736918835
"203","FLNRO-WMB 394 ROCK CREEK",2024-09-18 10:00:00,23.7,52,0,275,9.5,"O-1b",49.054,-118.98133,"America/Los_Angeles",9,18,10,2024,100,0,2024-09-18,2024-09-18 10:00:00,-8,0.547734045254981,5.58263084280795,18.0890045346915,12.5063736918835
"204","FLNRO-WMB 394 ROCK CREEK",2024-09-18 11:00:00,25.7,42,0,251,10.4,"O-1b",49.054,-118.98133,"America/Los_Angeles",9,18,11,2024,100,0,2024-09-18,2024-09-18 11:00:00,-8,0.600371295505034,5.58263084280795,18.0890045346915,12.5063736918835
"205","FLNRO-WMB 394 ROCK CREEK",2024-09-18 12:00:00,23.9,36,0,252,10.5,"O-1b",49.054,-118.98133,"America/Los_Angeles",9,18,12,2024,100,0,2024-09-18,2024-09-18 12:00:00,-8,0.613860265964186,5.58263084280795,18.0890045346915,12.5063736918835
"206","FLNRO-WMB 394 ROCK CREEK",2024-09-18 13:00:00,25,32,0,281,11,"O-1b",49.054,-118.98133,"America/Los_Angeles",9,18,13,2024,100,0,2024-09-18,2024-09-18 13:00:00,-8,0.587281705587223,5.58263084280795,18.0890045346915,12.5063736918835
"207","FLNRO-WMB 394 ROCK CREEK",2024-09-18 14:00:00,24.1,35,0,304,6.7,"O-1b",49.054,-118.98133,"America/Los_Angeles",9,18,14,2024,100,0,2024-09-18,2024-09-18 14:00:00,-8,0.522446899340686,5.58263084280795,18.0890045346915,12.5063736918835
"208","FLNRO-WMB 394 ROCK CREEK",2024-09-18 15:00:00,23.3,33.5,0,320.5,6.3,"O-1b",49.054,-118.98133,"America/Los_Angeles",9,18,15,2024,100,0,2024-09-18,2024-09-18 15:00:00,-8,0.423774232125695,5.58263084280795,18.0890045346915,12.5063736918835
"209","FLNRO-WMB 394 ROCK CREEK",2024-09-18 16:00:00,24.4,32,0,337,5.9,"O-1b",49.054,-118.98133,"America/Los_Angeles",9,18,16,2024,100,0,2024-09-18,2024-09-18 16:00:00,-8,0.297988083148659,5.58263084280795,18.0890045346915,12.5063736918835
"210","FLNRO-WMB 394 ROCK CREEK",2024-09-18 17:00:00,20.1,35,0,262,4.5,"O-1b",49.054,-118.98133,"America/Los_Angeles",9,18,17,2024,100,0,2024-09-18,2024-09-18 17:00:00,-8,0.153660570590921,5.58263084280795,18.0890045346915,12.5063736918835
"211","FLNRO-WMB 394 ROCK CREEK",2024-09-18 18:00:00,14.4,31,0,290,10.8,"O-1b",49.054,-118.98133,"America/Los_Angeles",9,18,18,2024,100,0,2024-09-18,2024-09-18 18:00:00,-8,0.000627375920801451,5.58263084280795,18.0890045346915,12.5063736918835
"212","FLNRO-WMB 394 ROCK CREEK",2024-09-18 19:00:00,12,42,0,252,5.6,"O-1b",49.054,-118.98133,"America/Los_Angeles",9,18,19,2024,100,0,2024-09-18,2024-09-18 19:00:00,-8,5.50237539324872e-17,5.58263084280795,18.0890045346915,12.5063736918835
"213","FLNRO-WMB 394 ROCK CREEK",2024-09-18 20:00:00,10.7,62,0,296,2.5,"O-1b",49.054,-118.98133,"America/Los_Angeles",9,18,20,2024,100,0,2024-09-18,2024-09-18 20:00:00,-8,5.50237539324872e-17,5.58263084280795,18.0890045346915,12.5063736918835
"214","FLNRO-WMB 394 ROCK CREEK",2024-09-18 21:00:00,9.3,69,0,215,4.3,"O-1b",49.054,-118.98133,"America/Los_Angeles",9,18,21,2024,100,0,2024-09-18,2024-09-18 21:00:00,-8,5.50237539324872e-17,5.58263084280795,18.0890045346915,12.5063736918835
"215","FLNRO-WMB 394 ROCK CREEK",2024-09-18 22:00:00,7.9,76,0,279,2.5,"O-1b",49.054,-118.98133,"America/Los_Angeles",9,18,22,2024,100,0,2024-09-18,2024-09-18 22:00:00,-8,5.50237539324872e-17,5.58263084280795,18.0890045346915,12.5063736918835
"216","FLNRO-WMB 394 ROCK CREEK",2024-09-18 23:00:00,6.9,81,0,177,3.1,"O-1b",49.054,-118.98133,"America/Los_Angeles",9,18,23,2024,100,0,2024-09-18,2024-09-18 23:00:00,-8,5.50237539324872e-17,5.58263084280795,18.0890045346915,12.5063736918835
"217","FLNRO-WMB 394 ROCK CREEK",2024-09-19,5.9,90,0,165,3.4,"O-1b",49.054,-118.98133,"America/Los_Angeles",9,19,0,2024,100,0,2024-09-19,2024-09-19,-8,5.71898758760015e-17,5.60618985333912,18.0529145955417,12.4467247422026
"218","FLNRO-WMB 394 ROCK CREEK",2024-09-19 01:00:00,5.35,92,0,230,2.7,"O-1b",49.054,-118.98133,"America/Los_Angeles",9,19,1,2024,100,0,2024-09-19,2024-09-19 01:00:00,-8,5.71898758760015e-17,5.60618985333912,18.0529145955417,12.4467247422026
"219","FLNRO-WMB 394 ROCK CREEK",2024-09-19 02:00:00,4.8,96,0,187,2.3,"O-1b",49.054,-118.98133,"America/Los_Angeles",9,19,2,2024,100,0,2024-09-19,2024-09-19 02:00:00,-8,5.71898758760015e-17,5.60618985333912,18.0529145955417,12.4467247422026
"220","FLNRO-WMB 394 ROCK CREEK",2024-09-19 03:00:00,3.9,96.5,0,256,2.9,"O-1b",49.054,-118.98133,"America/Los_Angeles",9,19,3,2024,100,0,2024-09-19,2024-09-19 03:00:00,-8,5.71898758760015e-17,5.60618985333912,18.0529145955417,12.4467247422026
"221","FLNRO-WMB 394 ROCK CREEK",2024-09-19 04:00:00,3.4,97,0,325,3.5,"O-1b",49.054,-118.98133,"America/Los_Angeles",9,19,4,2024,100,0,2024-09-19,2024-09-19 04:00:00,-8,5.71898758760015e-17,5.60618985333912,18.0529145955417,12.4467247422026
"222","FLNRO-WMB 394 ROCK CREEK",2024-09-19 05:00:00,3,100,0,198,2.7,"O-1b",49.054,-118.98133,"America/Los_Angeles",9,19,5,2024,100,0,2024-09-19,2024-09-19 05:00:00,-8,5.71898758760015e-17,5.60618985333912,18.0529145955417,12.4467247422026
"223","FLNRO-WMB 394 ROCK CREEK",2024-09-19 06:00:00,6.4,100,0,212,2.5,"O-1b",49.054,-118.98133,"America/Los_Angeles",9,19,6,2024,100,0,2024-09-19,2024-09-19 06:00:00,-8,0.0494679468971264,5.60618985333912,18.0529145955417,12.4467247422026
"224","FLNRO-WMB 394 ROCK CREEK",2024-09-19 07:00:00,10.9,100,0,169,2.5,"O-1b",49.054,-118.98133,"America/Los_Angeles",9,19,7,2024,100,0,2024-09-19,2024-09-19 07:00:00,-8,0.206725920048807,5.60618985333912,18.0529145955417,12.4467247422026
"225","FLNRO-WMB 394 ROCK CREEK",2024-09-19 08:00:00,13.6,100,0,309,4.1,"O-1b",49.054,-118.98133,"America/Los_Angeles",9,19,8,2024,100,0,2024-09-19,2024-09-19 08:00:00,-8,0.351407160182644,5.60618985333912,18.0529145955417,12.4467247422026
"226","FLNRO-WMB 394 ROCK CREEK",2024-09-19 09:00:00,16.4,75,0,298,7.9,"O-1b",49.054,-118.98133,"America/Los_Angeles",9,19,9,2024,100,0,2024-09-19,2024-09-19 09:00:00,-8,0.473651879880571,5.60618985333912,18.0529145955417,12.4467247422026
"227","FLNRO-WMB 394 ROCK CREEK",2024-09-19 10:00:00,19.5,64,0,321,5.5,"O-1b",49.054,-118.98133,"America/Los_Angeles",9,19,10,2024,100,0,2024-09-19,2024-09-19 10:00:00,-8,0.565129303514125,5.60618985333912,18.0529145955417,12.4467247422026
"228","FLNRO-WMB 394 ROCK CREEK",2024-09-19 11:00:00,22.8,54,0,283,5,"O-1b",49.054,-118.98133,"America/Los_Angeles",9,19,11,2024,100,0,2024-09-19,2024-09-19 11:00:00,-8,0.619605395836271,5.60618985333912,18.0529145955417,12.4467247422026
"229","FLNRO-WMB 394 ROCK CREEK",2024-09-19 12:00:00,24.6,44,0,309,6.9,"O-1b",49.054,-118.98133,"America/Los_Angeles",9,19,12,2024,100,0,2024-09-19,2024-09-19 12:00:00,-8,0.633367701181252,5.60618985333912,18.0529145955417,12.4467247422026
"230","FLNRO-WMB 394 ROCK CREEK",2024-09-19 13:00:00,24.3,37,0,358,5.5,"O-1b",49.054,-118.98133,"America/Los_Angeles",9,19,13,2024,100,0,2024-09-19,2024-09-19 13:00:00,-8,0.605478341183093,5.60618985333912,18.0529145955417,12.4467247422026
"231","FLNRO-WMB 394 ROCK CREEK",2024-09-19 14:00:00,23.7,33,0,324,10.95,"O-1b",49.054,-118.98133,"America/Los_Angeles",9,19,14,2024,100,0,2024-09-19,2024-09-19 14:00:00,-8,0.537837929636323,5.60618985333912,18.0529145955417,12.4467247422026
"232","FLNRO-WMB 394 ROCK CREEK",2024-09-19 15:00:00,25.1,29,0,290,16.4,"O-1b",49.054,-118.98133,"America/Los_Angeles",9,19,15,2024,100,0,2024-09-19,2024-09-19 15:00:00,-8,0.435056048806788,5.60618985333912,18.0529145955417,12.4467247422026
"233","FLNRO-WMB 394 ROCK CREEK",2024-09-19 16:00:00,23.9,30,0,285,11.9,"O-1b",49.054,-118.98133,"America/Los_Angeles",9,19,16,2024,100,0,2024-09-19,2024-09-19 16:00:00,-8,0.304137114017932,5.60618985333912,18.0529145955417,12.4467247422026
"234","FLNRO-WMB 394 ROCK CREEK",2024-09-19 17:00:00,18.6,26,0,275,10.1,"O-1b",49.054,-118.98133,"America/Los_Angeles",9,19,17,2024,100,0,2024-09-19,2024-09-19 17:00:00,-8,0.154003034321847,5.60618985333912,18.0529145955417,12.4467247422026
"235","FLNRO-WMB 394 ROCK CREEK",2024-09-19 18:00:00,15.9,28,0,285,8.9,"O-1b",49.054,-118.98133,"America/Los_Angeles",9,19,18,2024,100,0,2024-09-19,2024-09-19 18:00:00,-8,5.71898758760015e-17,5.60618985333912,18.0529145955417,12.4467247422026
"236","FLNRO-WMB 394 ROCK CREEK",2024-09-19 19:00:00,16.5,40,0,258,5.1,"O-1b",49.054,-118.98133,"America/Los_Angeles",9,19,19,2024,100,0,2024-09-19,2024-09-19 19:00:00,-8,5.71898758760015e-17,5.60618985333912,18.0529145955417,12.4467247422026
"237","FLNRO-WMB 394 ROCK CREEK",2024-09-19 20:00:00,14.4,49,0,294,6.6,"O-1b",49.054,-118.98133,"America/Los_Angeles",9,19,20,2024,100,0,2024-09-19,2024-09-19 20:00:00,-8,5.71898758760015e-17,5.60618985333912,18.0529145955417,12.4467247422026
"238","FLNRO-WMB 394 ROCK CREEK",2024-09-19 21:00:00,11.8,46,0,265,5.1,"O-1b",49.054,-118.98133,"America/Los_Angeles",9,19,21,2024,100,0,2024-09-19,2024-09-19 21:00:00,-8,5.71898758760015e-17,5.60618985333912,18.0529145955417,12.4467247422026
